529590|2010-02-09 04:05:20|LOL|2886|529360|529360
529589|2010-02-09 04:20:53|cool|2886|529360|529360
529591|2010-02-09 05:19:19|ok|2886|529360|529360
529594|2010-02-09 06:08:38|right|3633|529360|529360
529592|2010-02-09 06:31:37|About Niccolò Machiavelli, a diplomat, political philosopher, playwright, and a civi.|2886|529360|529360
529595|2010-02-09 07:19:44|good|2886|529592|529360
529593|2010-02-09 07:27:33|duh|2886|529360|529360
529588|2010-02-09 08:17:12|cool|2886|529360|529360
702748|2010-02-12 18:19:57|cool|143|701070|701070
702760|2010-02-12 18:23:49|About Pope Benedict . About Andrew Lloyd W. About John Gielgud, . About Ringo Starr.|143|701070|701070
702747|2010-02-12 18:38:09|About John How. About Pope Ben. About Albert E. About Karl Mar. About Lord Byr. About M.|3825|701070|701070
702757|2010-02-12 18:50:35|ok|143|702747|701070
702759|2010-02-12 20:37:02|no way!|143|702747|701070
702750|2010-02-13 08:12:06|great|3825|702747|701070
702753|2010-02-13 09:58:17|ok|3825|702747|701070
702756|2010-02-13 10:43:48|About Pope Be. About Karl Ma. About Lord By. About Ben Jon. About Michael. About G.|143|702747|701070
702758|2010-02-13 10:44:00|duh|143|702756|701070
702749|2010-02-13 13:18:00|great|3825|702747|701070
702755|2010-02-12 22:05:25|About John Howar. About Pope Bened. About George Fri. About Clint East. About Michael Bl. About .|143|701070|701070
702752|2010-02-13 01:11:10|no|143|701070|701070
702754|2010-02-13 07:15:06|thx|143|701070|701070
702751|2010-02-13 14:18:54|thanks|3825|701070|701070
571690|2010-02-16 06:20:23|right|1259|571477|571477
571692|2010-02-16 06:51:56|duh|1259|571477|571477
571685|2010-02-16 07:54:09|fine|1259|571477|571477
571688|2010-02-16 15:18:18|no way!|1259|571477|571477
571686|2010-02-16 18:56:02|About Lleyton Hew. About John Coltra. About Herman Melv. About Rihanna, re. About Chasi.|1259|571477|571477
571691|2010-02-16 23:58:35|cool|1259|571686|571477
571687|2010-02-17 00:41:03|I see|1259|571686|571477
571702|2010-02-17 01:43:11|fine|1259|571686|571477
571689|2010-02-17 03:20:32|yes|1259|571686|571477
571693|2010-02-17 07:29:53|About Lleyton . About John Col. About Weird Al. About Lionel R. About Herman M. About De.|1259|571686|571477
571701|2010-02-17 07:54:19|About Bono, is omnivorous and i. About John Coltrane, awarded th. About Weird Al Yankovic, no lon. About Angelina Jolie, Croft in . About Johnny Depp, as th.|1259|571693|571477
571696|2010-02-17 13:24:08|About Lley. About Robe. About John. About Tenn. About Lion. About Herm. About Nigh. Abo.|1259|571693|571477
571694|2010-02-17 15:49:36|About The Dutchess, . About Brazil, larges. About Bette Midler S. About De Do Do.|1259|571693|571477
571700|2010-02-17 19:37:00|duh|1259|571694|571477
571695|2010-02-18 07:42:04|cool|1259|571694|571477
571699|2010-02-17 16:23:36|roflol|1259|571693|571477
571697|2010-02-18 06:04:18|thx|1259|571693|571477
571698|2010-02-17 13:40:56|fine|1259|571686|571477
1301996|2010-02-16 20:02:22|great|2608|1301406|1301406
1301990|2010-02-16 20:58:24|maybe|2608|1301406|1301406
1301998|2010-02-17 08:00:46|no|2608|1301406|1301406
1301991|2010-02-17 08:46:36|About Napoleon, coalition with Napoleon. T. About Al Green, Roll Hall of Fame inducte.|2608|1301406|1301406
1302000|2010-02-17 09:04:56|About Napoleon, as this was wh. About Robert F. Kennedy, Gate . About Al Green, hit single.|2608|1301991|1301406
1301994|2010-02-17 16:42:21|yes|2608|1301991|1301406
1301992|2010-02-17 18:09:15|About Napoleon, later in . About Charles I of Englan. About Al Green, Stone .|2608|1301991|1301406
1301997|2010-02-17 20:11:14|cool|2608|1301992|1301406
1302001|2010-02-18 03:33:04|About Charles I of Engla. About Kate Bush, solo fe. About Maggie May, and .|2608|1301992|1301406
1302002|2010-02-18 03:37:42|About Charles I . About Kate Bush,. About Otis Reddi. About Polythene . About Maggie.|2608|1302001|1301406
1301993|2010-02-18 05:23:13|About Charles I of. About Jimi Hendrix. About Al Green, to. About Sinner M.|2608|1301992|1301406
1301995|2010-02-18 05:38:05|maybe|2608|1301993|1301406
1302003|2010-02-18 12:54:09|thx|2608|1301993|1301406
1301989|2010-02-17 18:11:39|About Napoleon, of France. She beat the fir. About Robert the Bruce, of England. He cla.|2608|1301406|1301406
1301999|2010-02-17 22:35:27|roflol|2608|1301989|1301406
706670|2010-02-18 15:24:05|About Friedr. About Nicolá. About David . About Willia. About Adam S. About The Ba. About Lindsa.|459|705199|705199
706676|2010-02-18 17:16:33|great|459|706670|705199
706675|2010-02-18 22:19:47|thanks|459|706670|705199
706677|2010-02-18 22:29:41|duh|459|706670|705199
706672|2010-02-18 23:47:23|maybe|459|706670|705199
706671|2010-02-19 13:42:04|About Fri. About Dav. About Bey. About Muh. About Ada. About Naz. About Lin. .|459|706670|705199
706678|2010-02-19 14:13:25|good|459|706671|705199
706673|2010-02-20 02:44:44|About Fri. About Dav. About Bey. About Fra. About Lou. About Bet. About Gra..|459|706671|705199
706674|2010-02-20 07:40:43|ok|459|706673|705199
706669|2010-02-18 15:46:12|duh|459|705199|705199
707069|2010-02-18 17:10:26|no|459|705247|705247
707067|2010-02-18 20:09:07|About George. About Nicolá. About Miles . About Univer. About Songs . Abou.|459|705247|705247
707070|2010-02-19 10:40:39|right|459|707067|705247
707066|2010-02-19 01:37:19|no way!|459|705247|705247
707065|2010-02-19 15:21:07|About Nicolás Almagro, is . About Weird Al Yankovic, &. About How Do You Do It?.|459|705247|705247
707071|2010-02-19 15:21:21|thx|459|707065|705247
707072|2010-02-19 15:36:34|roflol|459|707065|705247
707073|2010-02-19 15:38:35|cool|459|707065|705247
707068|2010-02-19 22:44:20|roflol|459|707065|705247
706559|2010-02-18 20:16:10|fine|459|705185|705185
706560|2010-02-18 21:12:52|right|459|705185|705185
706573|2010-02-18 21:14:01|About Arnold Sch. About George Ber. About George W. . About Shimmy Dis. About Al.|459|705185|705185
706561|2010-02-19 02:41:55|yes|459|705185|705185
706563|2010-02-19 03:22:00|LOL|459|705185|705185
706565|2010-02-19 05:14:40|About Robbie. About Willia. About John G. About Weird . About Ice Cu. About Shimmy. Ab.|459|705185|705185
706566|2010-02-19 10:56:00|About Rob. About Wil. About Wei. About Ice. About Mar. About Afg. About Swi. About Sh.|459|706565|705185
706568|2010-02-19 18:45:14|About Jo. About Ji. About Ma. About Ro. About Th. About Is. About Af. About Sh. .|459|706566|705185
706571|2010-02-20 02:10:15|great|459|706566|705185
706569|2010-02-19 20:46:58|LOL|459|706565|705185
706567|2010-02-19 21:14:05|About Napole. About Ennio . About Robbie. About Shimmy. About Poland. About W.|459|706565|705185
706562|2010-02-19 07:09:36|roflol|459|705185|705185
706570|2010-02-19 07:46:23|About Albert, . About Nicolás . About John Pee. About Louis Ar. About Ice Cube. Abou.|459|705185|705185
706564|2010-02-19 10:36:02|thanks|459|705185|705185
706572|2010-02-19 18:28:30|About Margaret Thatc. About Mick Jagger, S. About Ice Cube, seri. About Bill Cosby, He. About Shimmy .|459|705185|705185
706620|2010-02-18 22:27:12|About Bryan Adams,. About Gordon Brown. About 50 Cent, 200. About Björk, Th.|459|705193|705193
706924|2010-02-19 05:03:42|right|459|705228|705228
706925|2010-02-19 23:17:52|About Le. About Sa. About Ma. About Ni. About Ni. About 50. About Ma. About Ch. About Ch. .|459|705228|705228
706926|2010-02-20 01:14:43|great|459|706925|705228
706927|2010-02-20 10:49:20|About. About. About. About. About. About. About. About. About. About. About. Abo.|459|706925|705228
706248|2010-02-19 06:43:32|About James Brown, recording artist. He is the originator of funk music and is a major f.|459|705149|705149
706257|2010-02-19 06:58:26|Dream a Little Dream of Me is a song with music by Fabian Andre and Wilbur Schwandt and lyrics by Gus Kahn. About Dream a Littl.|459|706248|705149
706261|2010-02-19 12:38:24|About Felix Mendelssohn, in English-speaking countries, as Felix Mendelssohn (3 February 1809 –.|459|706257|705149
706250|2010-02-19 15:07:51|I see|459|706248|705149
706258|2010-02-19 19:33:11|thanks|459|706248|705149
706251|2010-02-19 19:43:53|maybe|459|706248|705149
706249|2010-02-19 20:11:43|duh|459|706248|705149
706260|2010-02-19 07:05:13|cool|459|705149|705149
706253|2010-02-19 07:21:33|About Gilbert du Motier, marquis de Lafayette, Battle of Brandywine, he still managed t.|459|705149|705149
706256|2010-02-19 09:02:59|About Gilbert du Motier, marquis de Laf. About Michael Bloomberg, firm. A Demo.|459|706253|705149
706255|2010-02-19 09:20:05|cool|459|706253|705149
706259|2010-02-20 02:43:50|right|459|706253|705149
706252|2010-02-19 07:35:10|thx|459|705149|705149
706254|2010-02-19 11:47:13|About Plato, letters have been ascribe. About Cary Grant, an Honorary Oscar .|459|705149|705149
706262|2010-02-19 11:52:01|I see|459|706254|705149
726488|2010-02-19 14:14:10|maybe|4755|723282|723282
726484|2010-02-19 14:15:37|About Wolfgang Am. About Nikolai Rim. About Charlie Cha. About Rush Limbau. About Rock .|1103|723282|723282
726493|2010-02-19 23:32:08|About Wolfga. About Sheryl. About Kris K. About Rush L. About Scotla. About.|4755|726484|723282
726499|2010-02-20 01:41:01|duh|1103|726493|723282
726485|2010-02-19 14:32:41|About Wolfgang Amade. About Augustus, by h. About Pope John Paul. About Charlie Ch.|1103|723282|723282
726490|2010-02-19 14:54:49|I see|1103|726485|723282
726491|2010-02-19 21:52:16|I see|1103|726485|723282
726489|2010-02-20 13:41:38|About George Lucas, He is the founder, c. About Argentina, Cup, the Confederatio.|1103|726485|723282
726494|2010-02-20 13:43:35|roflol|1103|726489|723282
726495|2010-02-19 17:05:54|About Wolfgang Amadeu. About Gustav Mahler, . About Augustus, remai. About Charlie C.|1103|723282|723282
726496|2010-02-19 17:37:56|ok|1103|723282|723282
726486|2010-02-19 23:03:19|right|4755|723282|723282
726492|2010-02-19 23:16:47|About Wolfgang Amadeus. About Herbert Hoover, . About Rush Limbaugh, U. About George B. M.|4755|723282|723282
726497|2010-02-20 11:51:20|About Wolfgang . About Silvio Be. About Lil Jon, . About Rush Limb. About G.|4755|726492|723282
726498|2010-02-20 18:33:25|fine|1103|726497|723282
726483|2010-02-19 23:28:20|roflol|4755|723282|723282
726487|2010-02-20 09:15:45|good|4755|723282|723282
863364|2010-02-20 06:41:53|fine|4755|862824|862824
863367|2010-02-20 11:13:03|duh|4755|862824|862824
863365|2010-02-20 15:10:37|yes|1564|862824|862824
863366|2010-02-20 17:25:12|no way!|4755|862824|862824
167610|2010-02-20 10:32:04|maybe|3633|167197|167197
167616|2010-02-20 10:33:04|I see|3633|167197|167197
167611|2010-02-20 11:00:56|About Augustine of Hippo, Augustinus Hipponensis; November 13, 354 – August 28, 430), also . About Kingdom of the Two Sicilies, States. It was heavily agricultural, like the other It.|94|167197|167197
167623|2010-02-20 11:13:25|About Augustine of Hippo, After his co. About Martin Van Buren, (1833–1837) a.|94|167611|167197
167627|2010-02-20 11:13:37|yes|94|167623|167197
167624|2010-02-20 13:43:21|thanks|3633|167623|167197
167622|2010-02-20 19:55:35|thanks|94|167611|167197
167619|2010-02-20 20:58:25|roflol|94|167611|167197
167621|2010-02-21 04:34:50|no|3633|167611|167197
167620|2010-02-21 09:50:22|thx|94|167611|167197
167613|2010-02-20 12:34:22|LOL|3633|167197|167197
167612|2010-02-20 15:49:28|About Gaetano Donizetti, works are the operas L'elisir d'amore (1832), Lucia di Lammermoor.|94|167197|167197
167617|2010-02-20 15:50:32|About Gaetano Donizetti, works are the op. About Marie Antoinette, and Autre-chien.|3633|167612|167197
167625|2010-02-20 15:51:38|About Margaret Thatcher, became associated with her uncompromising politics and le.|3633|167617|167197
167626|2010-02-21 03:15:21|thx|94|167617|167197
167614|2010-02-20 19:58:36|maybe|94|167612|167197
167615|2010-02-21 05:44:43|duh|3633|167612|167197
167618|2010-02-20 21:39:36|About Augustine of Hippo, Bishop of Hippo Re. About Cecil B. DeMille, Commandments, which.|94|167197|167197
167628|2010-02-21 00:46:14|great|94|167618|167197
167629|2010-02-21 10:12:28|cool|3633|167197|167197
725662|2010-02-21 02:41:22|About Charles, Prince of Wales, he sponsors The Prince's Charities and is p.|4755|723212|723212
725663|2010-02-21 02:41:32|good|4755|725662|723212
725674|2010-02-21 08:02:01|ok|4755|725662|723212
725666|2010-02-21 09:57:07|maybe|4755|725662|723212
725670|2010-02-21 12:53:59|About Pope John XXIII, to see it to comp. About Charles, Prince of Wales, Parker.|1103|725662|723212
725671|2010-02-21 12:54:59|yes|4755|725670|723212
725673|2010-02-21 13:06:47|thanks|4755|725670|723212
725665|2010-02-21 13:18:18|thx|1103|725662|723212
725664|2010-02-21 13:47:18|yes|4755|725662|723212
725669|2010-02-21 17:19:57|About Charles, Prince of Wales, Prince Philip. About Louis Armstrong, Renowned for his cha.|4755|725662|723212
725675|2010-02-21 22:47:34|About Somalia, states in the world. Somalia lies in the easternmost part of Africa..|1103|725669|723212
725672|2010-02-22 00:13:18|About Charles, Prince of Wal. About Louis Armstrong, an in. About Alec Baldwin, Actor.|4755|725669|723212
725668|2010-02-21 22:04:26|no|1103|725662|723212
725667|2010-02-21 22:28:24|right|4755|725662|723212
725661|2010-02-21 21:38:32|thx|1103|723212|723212
725249|2010-02-24 21:45:43|no|1103|723174|723174
725251|2010-02-24 22:17:40|thanks|4555|723174|723174
725250|2010-02-25 02:04:35|no way!|4755|723174|723174
725248|2010-02-25 13:09:37|thx|1103|723174|723174
167358|2010-02-24 20:25:13|great|3092|167173|167173
167357|2010-02-24 20:25:54|great|3633|167173|167173
167359|2010-02-25 07:07:13|About Britney Spears, making her one o. About Ringo Starr, Starr achieved so.|3092|167173|167173
167364|2010-02-25 07:07:45|no way!|94|167359|167173
167360|2010-02-25 07:10:02|About Lleyton Hewitt, 1, who has a current AT. About Ringo Starr, name Ringo Starr, is an .|94|167359|167173
167366|2010-02-25 07:10:16|no way!|94|167360|167173
167363|2010-02-25 07:30:41|yes|3092|167359|167173
167367|2010-02-25 09:44:26|thx|94|167359|167173
167361|2010-02-25 10:19:25|About Wolfgang Amadeus Mozart, compositions in the shadow of Mozart, and Joseph Hay.|3633|167359|167173
167362|2010-02-25 14:50:49|About Paris Commune, the conditions in which it formed, its controversial decrees, and.|94|167361|167173
167365|2010-02-25 15:09:47|ok|94|167362|167173
702562|2010-02-25 06:12:39|About Karl Marx, Marx is ty. About Robbie Williams, voca. About Britney Spears, in.|1079|701052|701052
702567|2010-02-25 06:45:31|maybe|1079|702562|701052
702564|2010-02-25 13:20:50|fine|1079|702562|701052
702566|2010-02-25 16:38:37|great|1079|702562|701052
702568|2010-02-25 07:00:20|great|3825|701052|701052
702563|2010-02-25 15:36:16|no way!|143|701052|701052
702565|2010-02-25 18:58:40|ok|3825|701052|701052
1048972|2010-02-25 14:35:29|cool|3705|1048824|1048824
1048966|2010-02-25 15:06:15|LOL|3705|1048824|1048824
1048962|2010-02-25 16:33:11|I see|3705|1048824|1048824
1048963|2010-02-25 21:35:46|LOL|3705|1048824|1048824
1048964|2010-02-25 21:54:59|yes|3705|1048824|1048824
1048965|2010-02-26 08:41:32|About Omar Sharif, Sharif (April 10, 1932) i. About Weird Al Yankovic, Single or Album, S.|3705|1048824|1048824
1048969|2010-02-26 09:03:21|thx|3705|1048965|1048824
1048968|2010-02-26 09:38:47|thx|3705|1048965|1048824
1048970|2010-02-26 10:28:34|fine|3705|1048965|1048824
1048971|2010-02-26 22:28:58|About Omar Sharif, films including Lawrence of Arabia, Doctor Zhivago and Fun. About Honky Château, on 11 October 1995 by the RIAA. This was the final Elto.|3705|1048965|1048824
1048967|2010-02-27 05:35:41|ok|3705|1048965|1048824
701773|2010-02-25 16:56:29|About Especially for You, for You was the fifth international single released from singer .|1079|700974|700974
701770|2010-02-25 17:22:45|About Nigeria, jihadists who seek to establish sharia law. The people of Nigeria hav.|3825|700974|700974
701774|2010-02-25 17:28:37|yes|3825|701770|700974
701771|2010-02-25 18:38:57|ok|143|700974|700974
701772|2010-02-25 19:57:12|About Andrew Johnson, in fighting and ending the rebellion; he implemented R.|3825|700974|700974
701287|2010-02-26 05:07:22|maybe|3825|700933|700933
701291|2010-02-26 05:14:20|thanks|143|700933|700933
701286|2010-02-26 06:26:16|good|1079|700933|700933
701290|2010-02-26 06:26:59|I see|143|700933|700933
701285|2010-02-26 06:32:59|no|143|700933|700933
701289|2010-02-26 11:11:03|About John Howard, of Ki. About Dmitry Medvedev, e. About Rain on Your Parad. About Brazil, Cabra.|143|700933|700933
701292|2010-02-26 17:47:04|thx|143|701289|700933
701295|2010-02-26 19:07:02|About Henry II of England, fought what has been termed a cold war over several decades. H. About Igor Stravinsky, a few two- or three-note cells and clarity of form, of instrumen.|143|701289|700933
701296|2010-02-27 05:12:01|I see|143|701289|700933
701294|2010-02-26 11:46:22|About John Howard,. About Antonín Dvoř. About T-Pain. About Joan Crawfor. .|3825|700933|700933
701293|2010-02-26 13:41:28|cool|143|700933|700933
701284|2010-02-26 18:02:20|ok|3825|700933|700933
701288|2010-02-27 04:20:50|LOL|143|700933|700933
1076675|2010-02-26 06:48:02|fine|555|1076642|1076642
1076672|2010-02-26 06:48:27|ok|555|1076642|1076642
1076676|2010-02-26 19:40:39|thx|555|1076642|1076642
1076681|2010-02-26 23:15:09|great|555|1076642|1076642
1076677|2010-02-26 23:50:03|About Galileo Galilei, into the greater, oscillating relationship of science. About Richard Dawkins, Watchmaker, he argued against the watchmaker analog.|555|1076642|1076642
1076684|2010-02-26 23:50:29|About Galileo Galilei, Barbican Theatre. Music by Philip Glass, libretto and original. About Dionne Warwick, and a United States Ambassador of Health. Having been in . Ab.|555|1076677|1076642
1076678|2010-02-26 23:51:27|LOL|555|1076677|1076642
1076682|2010-02-27 10:59:07|About Galileo Galilei, through Galileo'. About Claude Debussy, Debussy (22 Aug.|555|1076677|1076642
1076683|2010-02-27 11:00:50|I see|555|1076682|1076642
1076690|2010-02-27 18:50:52|right|555|1076677|1076642
1076673|2010-02-27 05:41:17|About Galileo Galilei, the opera has been r. About Gloria Macapagal-Arroyo, Jr. on Jan.|555|1076642|1076642
1076674|2010-02-27 05:43:02|roflol|555|1076673|1076642
1076680|2010-02-27 05:47:11|roflol|555|1076673|1076642
1076685|2010-02-27 11:36:09|good|555|1076673|1076642
1076686|2010-02-27 14:31:07|About Galileo Galilei, Gal. About Gloria Macapagal-Arr. About Equatorial Guine.|555|1076673|1076642
1076689|2010-02-27 22:48:01|no|555|1076686|1076642
1076688|2010-02-27 15:43:02|LOL|555|1076673|1076642
1076679|2010-02-27 20:12:39|duh|555|1076673|1076642
1076687|2010-02-28 04:29:05|About Paul Hindemith, 1895 – 28 December 1963) was a German composer, violist, violinis.|555|1076673|1076642
724193|2010-02-26 09:42:32|About Wolfgang Amadeus Mozart, with the dark. About Take a Look in the Mirror, album to .|4555|723076|723076
724194|2010-02-26 09:57:05|thanks|1222|724193|723076
724197|2010-02-26 14:53:34|About Wolfgang Amadeus Mozart, and tw. About Leonardo DiCaprio, Productions.|1103|724193|723076
724198|2010-02-26 14:53:49|great|1103|724197|723076
724196|2010-02-27 04:59:53|About Pope Pius X, and evolution. He eliminated the Italian majority in the College of .|768|724193|723076
724195|2010-02-26 10:41:09|fine|1103|723076|723076
724192|2010-02-26 14:08:55|ok|4755|723076|723076
724191|2010-02-27 00:52:17|thx|1050|723076|723076
1029464|2010-02-26 20:23:49|fine|4231|1029331|1029331
1029465|2010-02-27 08:02:47|roflol|4231|1029331|1029331
270072|2010-02-27 02:54:39|maybe|3331|269843|269843
270071|2010-02-27 07:15:59|About Garry Kasparov, Karpov. He held the off. About Adam Smith, Smith is the author of Th.|3331|269843|269843
270074|2010-02-27 07:26:42|About Garry Kasparov, up . About Chiang Kai-shek, Af. About Adam Smith, phi.|3331|270071|269843
270075|2010-02-27 10:08:14|right|3331|270074|269843
270073|2010-02-27 17:46:16|yes|3331|270071|269843
270070|2010-02-27 15:59:53|thanks|3331|269843|269843
405021|2010-02-28 00:54:11|roflol|2886|404069|404069
405018|2010-02-28 01:06:31|About Cyndi Lauper, top five singles b. About Subterranean Homesick Blues, cl.|2886|404069|404069
405019|2010-02-28 08:28:27|roflol|2886|404069|404069
405020|2010-02-28 11:43:01|About Herbert Kitchener, 1st Earl Kitchener, that he consistently rose in ability as he . About Subterranean Homesick Blues, as the lead track to the album Bringing It All Back .|974|404069|404069
405017|2010-02-28 16:24:32|fine|2886|404069|404069
230891|2010-02-28 05:06:32|About George H. W. Bush, of his son G. About Walking After You, a 1998 sin.|4555|230755|230755
230890|2010-03-01 02:58:28|About Louis XIV of France, Per. About Nikolai Rimsky-Korsakov,. About Nancy Pelosi, A memb.|4555|230755|230755
215444|2010-03-01 12:14:57|About Harry S. Truman, respon. About 50 Cent, which is set t. About Weird Al Yankovic, Outt. About Howard Stern, style.|407|215398|215398
215448|2010-03-01 12:15:12|yes|407|215444|215398
215450|2010-03-02 10:11:01|About Harry S. Truman, re. About Poodle Hat, cover w. About The High End of L.|407|215444|215398
215449|2010-03-01 12:16:16|no way!|407|215398|215398
215445|2010-03-01 14:39:11|I see|407|215398|215398
215443|2010-03-02 08:33:21|About Che Gueva. About Pope John. About Jarmila G. About Hernán Co. About Malaysia,. About Georges B. Abou.|407|215398|215398
215446|2010-03-02 10:39:57|About Che Guev. About Plato. About Ozzy Osb. About Mary, Qu. About Richard . About Ma.|407|215443|215398
215447|2010-03-02 18:06:47|thanks|407|215446|215398
406729|2010-03-02 00:55:35|LOL|2886|404233|404233
967394|2010-03-01 19:10:28|LOL|4555|967206|967206
967393|2010-03-02 12:01:30|LOL|4555|967206|967206
407581|2010-03-01 22:52:01|good|974|404315|404315
407580|2010-03-02 01:12:12|right|2886|404315|404315
407587|2010-03-02 04:02:34|no|974|404315|404315
407586|2010-03-02 09:25:56|no|2886|404315|404315
407582|2010-03-02 10:43:30|About Jim Ca. About Sigmun. About Jarmil. About London. About Moby, . About.|974|404315|404315
407595|2010-03-02 10:44:46|good|2886|407582|404315
407584|2010-03-02 13:13:04|cool|974|407582|404315
407592|2010-03-02 16:01:34|right|2608|407582|404315
407596|2010-03-03 08:59:30|I see|974|407582|404315
407583|2010-03-02 11:25:23|About Augustus, i. About Jarmila Gaj. About Thomas Edis. About Moby, a sty. About Coppe.|974|404315|404315
407597|2010-03-02 11:25:36|right|1259|407583|404315
407591|2010-03-02 12:09:03|About Mary of T. About Weird Al . About Dustin Ho. About Moby, Jac. About C.|2886|407583|404315
407593|2010-03-02 17:20:18|no|974|407591|404315
407594|2010-03-02 23:50:16|LOL|2608|407591|404315
407589|2010-03-03 00:12:13|great|2608|407583|404315
407585|2010-03-03 00:36:04|great|1259|407583|404315
407590|2010-03-03 05:18:33|duh|1259|407583|404315
407588|2010-03-03 06:21:57|thx|974|407583|404315
407579|2010-03-02 16:53:32|no way!|2608|404315|404315
215460|2010-03-01 22:38:05|good|407|215399|215399
215451|2010-03-01 23:42:05|About Franz Kafka, ex. About Queen Elizabeth. About Abraham Lincoln. About Weird Al Ya.|407|215399|215399
215453|2010-03-01 23:50:11|About Franz Kafka, to the aut. About Queen Elizabeth The Que. About Douglas MacArthur, U.S.. About Edward II of Engla.|407|215451|215399
215455|2010-03-02 16:44:38|About Franz Kaf. About W. B. Yea. About Douglas M. About Edward II. About Abrah.|407|215453|215399
215457|2010-03-02 20:18:00|thanks|407|215455|215399
215456|2010-03-02 20:44:26|fine|407|215455|215399
215461|2010-03-03 04:42:17|thanks|407|215455|215399
215462|2010-03-03 08:35:18|About Samuel Beck. About Douglas Mac. About Dennis Hopp. About Giuseppe Ve. About Edward.|407|215455|215399
215454|2010-03-02 06:08:16|good|407|215451|215399
215458|2010-03-02 09:20:01|right|407|215451|215399
215459|2010-03-02 00:30:50|About Clint Eastwood, (1979), Tightrope (1984). About England, England's Royal Society laid .|407|215399|215399
215452|2010-03-02 01:01:59|duh|407|215399|215399
1077368|2010-03-02 02:08:16|About Aldous Huxley, and philosophical mysticism. He is also well known for advocating.|1564|1076820|1076820
1077364|2010-03-02 03:06:07|About Jules Verne, of his bo. About Jarmila Gajdošová, kno. About Harold Wilson, to .|1564|1076820|1076820
1077369|2010-03-02 07:15:30|fine|1564|1077364|1076820
1077360|2010-03-02 12:27:35|About Burt Bacharach, Jackie DeShannon and others. As of 2006, Bacharach had w.|1564|1076820|1076820
1077366|2010-03-02 12:37:50|duh|1564|1077360|1076820
1077361|2010-03-03 05:59:53|About Al Green, Me, I'm Still In Love With You, Love and Happiness, and Let's Stay Tog.|1564|1077360|1076820
1077362|2010-03-03 06:00:14|thanks|1564|1077361|1076820
1077358|2010-03-02 23:59:33|About Jarmila Gajdošová, a Slovak-Australian. About Dolly Parton, author. About Jarmila .|1564|1076820|1076820
1077367|2010-03-03 00:10:55|I see|1564|1077358|1076820
1077363|2010-03-03 10:10:44|thx|1564|1077358|1076820
1077359|2010-03-03 10:39:37|no|1564|1077358|1076820
1077365|2010-03-03 21:26:06|thanks|1564|1077358|1076820
406499|2010-03-02 02:04:55|ok|974|404212|404212
406493|2010-03-02 07:43:23|cool|974|404212|404212
406498|2010-03-02 09:48:34|About Tom Hanks, is also known for his Osc. About Condoleezza Rice, Business and a d.|2886|404212|404212
406506|2010-03-02 09:50:02|duh|2886|406498|404212
406500|2010-03-02 14:44:28|About Tom Hanks, roles in . About Condoleezza Rice, Mi. About Dacia, Getae as .|1259|406498|404212
406502|2010-03-03 07:19:13|maybe|1259|406500|404212
406501|2010-03-03 05:21:17|maybe|2608|406498|404212
406503|2010-03-03 06:30:35|About Barack Obama, earning his law degree. He worked as a civil rights attorn. About Condoleezza Rice, as the second African American, and the second woman..|2886|406498|404212
406505|2010-03-03 17:08:23|About Barack Obama, the Dodd. About Condoleezza Rice, of B. About Ezra Pound, neverth.|2886|406503|404212
406504|2010-03-03 07:32:59|About Tom Hanks, roles in Big,. About Condoleezza Rice, secret. About Fiji, city and town .|974|406498|404212
406497|2010-03-02 15:14:55|right|2886|404212|404212
406495|2010-03-02 16:41:27|great|2886|404212|404212
406492|2010-03-02 17:24:02|LOL|2608|404212|404212
406496|2010-03-02 20:55:13|no|2886|404212|404212
406494|2010-03-03 01:53:34|roflol|2608|404212|404212
725717|2010-03-02 02:11:46|About The Simpsons Sing the Blues, on February 16, 1991, staying there for a furt.|1222|723217|723217
725727|2010-03-02 02:12:22|cool|1050|725717|723217
725725|2010-03-02 02:42:11|fine|1050|725717|723217
725721|2010-03-02 03:45:16|roflol|1050|725717|723217
725724|2010-03-02 05:22:22|About Cole Porter, and I've Got You Under My Skin. He also composed scores .|1050|725717|723217
725726|2010-03-02 06:36:52|good|4555|725724|723217
725720|2010-03-02 07:22:49|yes|768|723217|723217
725716|2010-03-02 09:11:30|maybe|1103|723217|723217
725719|2010-03-02 09:52:19|good|768|723217|723217
725722|2010-03-02 11:50:18|maybe|1103|723217|723217
725718|2010-03-02 14:01:08|great|768|723217|723217
725723|2010-03-02 23:27:40|yes|768|723217|723217
406838|2010-03-02 19:30:55|About Albert Einstei. About Rod Stewart, c. About Timbaland, in . About Robert Redford. About Danger Da.|2886|404247|404247
406837|2010-03-03 00:34:21|About Erwin Rommel,. About Jarmila Gajdo. About Donovan, race. About Éamon d.|2608|404247|404247
406750|2010-03-02 03:32:13|LOL|2886|404236|404236
406745|2010-03-02 05:10:17|About Akbar, 1989. About 50 Cent, kno. About Rutherford B. About John, King o. About Peter the.|974|404236|404236
406747|2010-03-02 05:11:53|great|974|406745|404236
406758|2010-03-02 05:11:58|About Akbar, ma. About Dmitry Me. About Britney S. About 50 Cent, . About Weim.|2608|406745|404236
406762|2010-03-02 16:00:22|roflol|2886|406758|404236
406761|2010-03-02 17:51:55|yes|2608|406758|404236
406749|2010-03-02 06:01:14|About Aurangze. About 50 Cent,. About Angelina. About John, Ki. About Peter th. About Pa.|2886|406745|404236
406759|2010-03-02 07:25:22|great|2608|406749|404236
406751|2010-03-02 18:41:31|great|2886|406749|404236
406763|2010-03-03 04:37:12|About Hermann Görin. About Aurangzeb, wi. About Livy, before . About Red Head.|974|406749|404236
406757|2010-03-02 09:05:11|roflol|2886|406745|404236
406756|2010-03-02 12:43:52|I see|2608|406745|404236
406752|2010-03-02 18:48:36|thanks|974|406745|404236
406760|2010-03-02 06:19:21|About Jarmila Gajdošová, Groth from 2009 . About Elizabeth Taylor, a second Academy . About Weird Al Yankovic, charting singl.|2608|404236|404236
406764|2010-03-02 13:19:45|fine|974|406760|404236
406755|2010-03-02 07:09:16|I see|2608|404236|404236
406753|2010-03-02 09:21:10|right|2608|404236|404236
406754|2010-03-02 14:45:41|LOL|2608|404236|404236
406748|2010-03-02 19:22:14|no way!|974|404236|404236
406746|2010-03-02 23:42:17|I see|2608|404236|404236
1077291|2010-03-02 10:22:54|no way!|1564|1076812|1076812
1077293|2010-03-02 10:31:58|About Cole Porter, include Nig. About Weird Al Yankovic, until. About Hole in the Head, It.|1564|1076812|1076812
1077295|2010-03-02 10:35:24|About Weird Al Yank. About Faith Hill, S. About The Wild, the. About Hole in.|1564|1077293|1076812
1077297|2010-03-02 12:32:11|LOL|1564|1077295|1076812
1077296|2010-03-02 14:55:48|no|1564|1076812|1076812
1077294|2010-03-02 20:04:17|ok|1564|1076812|1076812
1077292|2010-03-03 03:55:51|roflol|1564|1076812|1076812
215520|2010-03-02 05:42:39|About Jarmil. About Arthur. About 50 Cen. About Steve . About The Fi. About .|407|215405|215405
215528|2010-03-02 18:54:08|right|407|215520|215405
215517|2010-03-02 05:45:55|About Confuciu. About Weird Al. About Al Green. About Saddam H. About Smack Th. About Du.|407|215405|215405
215519|2010-03-02 07:20:48|About Wolfga. About Confuc. About Thomas. About Beyonc. About Weird . About Smack . About.|407|215517|215405
215524|2010-03-02 10:20:09|I see|407|215519|215405
215518|2010-03-02 07:21:34|cool|407|215517|215405
215525|2010-03-02 17:29:41|no way!|407|215517|215405
215522|2010-03-02 18:20:44|yes|407|215517|215405
215515|2010-03-02 09:45:28|no|407|215405|215405
215526|2010-03-02 19:16:00|About Arthur C. C. About Janet Jacks. About D. W. Griff. About Smack That,. About Xiongnu.|407|215405|215405
215527|2010-03-02 19:17:06|I see|407|215526|215405
215529|2010-03-03 12:02:34|no way!|407|215526|215405
215516|2010-03-02 21:29:15|ok|407|215405|215405
215521|2010-03-02 23:29:36|About Thomas Jef. About 50 Cent, 2. About Weird Al Y. About Saddam Hus. About Smack .|407|215405|215405
215523|2010-03-03 20:28:43|duh|407|215521|215405
1077328|2010-03-02 15:59:30|About Peter Paul Rubens, and diplomat who was. About Kenny Rogers, of The 200 Most Influenti. About Weird Al Yankovic, album was Yankovic's. About Lionel Richie, and actor. From 19.|1564|1076816|1076816
406948|2010-03-02 07:30:36|yes|2608|404258|404258
406946|2010-03-02 16:29:37|great|2608|404258|404258
406940|2010-03-02 16:58:57|great|974|404258|404258
406941|2010-03-02 18:46:38|ok|974|404258|404258
406942|2010-03-02 21:10:16|thx|2608|404258|404258
406950|2010-03-02 22:32:59|About Francis I . About Jarmila Ga. About Brigham Yo. About Immanuel K. About Edwar.|2608|404258|404258
406947|2010-03-02 23:37:21|About Jarmila . About Jonathan. About Éamon de. About Philip G. About Immanuel. About E.|2608|404258|404258
406944|2010-03-03 03:33:55|About Jarmila Gajdošová, She tu. About Alice Cooper, Alice Coope. About Al Green, as Al Green, is. About Philip Glass, describing . About Immanuel Kant, the p.|2886|404258|404258
406945|2010-03-03 06:07:33|About Alanis Morissette, an. About Giacomo Puccini, Seco. About Alice Cooper, bigger . About Al Green, his popular. About Immanuel Kant, specul. About Wisin vs. Yand.|1259|406944|404258
406949|2010-03-03 22:46:28|yes|974|406944|404258
406943|2010-03-03 05:10:31|cool|974|404258|404258
406880|2010-03-02 15:53:16|no|2608|404250|404250
406876|2010-03-02 19:41:43|ok|2886|404250|404250
406879|2010-03-03 00:12:39|About . About . About . About . About . About . About . About . About . About ..|1259|404250|404250
406883|2010-03-03 15:09:11|About . About . About . About . About . About . About . About . About . About . About . .|974|406879|404250
406875|2010-03-03 02:31:37|About Will. About Kama. About Quee. About Step. About Walt. About Rudy. About Jack. About .|1259|404250|404250
406877|2010-03-03 04:23:42|About Will. About Alex. About Quee. About Morr. About Step. About Walt. About Will. About Rudy. About Jack. About Kell. About Mate. About Ghan.|2886|406875|404250
406881|2010-03-03 04:46:55|About . About . About . About . About . About . About . About . About . About . Ab.|974|406877|404250
406882|2010-03-03 13:07:45|duh|2886|406881|404250
406884|2010-03-03 06:19:34|About . About . About . About . About . About . About . About . About . About ..|974|406877|404250
406878|2010-03-03 05:24:31|thanks|1259|406875|404250
406466|2010-03-02 09:43:27|maybe|1259|404210|404210
406456|2010-03-02 11:14:03|About S. About M. About A. About W. About D. About J. About S. About Y. Abo.|2608|404210|404210
406458|2010-03-02 16:37:36|About . About . About . About . About . About . About . About . About . About . About . A.|974|406456|404210
406463|2010-03-02 17:31:24|About . About . About . About . About . About . About . About . About . About . About.|2608|406458|404210
406469|2010-03-03 05:19:48|About . About . About . About . About . About . About . About . About . Abo.|974|406463|404210
406472|2010-03-03 05:21:33|I see|2886|406469|404210
406459|2010-03-02 20:30:40|duh|2886|406458|404210
406457|2010-03-02 19:18:35|About Si. About Py. About Wi. About We. About Sa. About Ja. About Su. About Ne.|2608|406456|404210
406470|2010-03-02 20:43:05|About Ludwig Wittge. About Michael Bublé. About Pyotr Ilyich . About William Henry. About Dennis Hopper. About James A. Garf. About Sunday Bloody. About Nigh.|974|406457|404210
406464|2010-03-02 21:52:34|thanks|1259|406457|404210
406461|2010-03-03 04:29:57|good|1259|406456|404210
406460|2010-03-03 09:15:27|right|974|406456|404210
406473|2010-03-03 10:41:46|About Martin Heidegge. About Morrissey, the . About Frank Zappa, fi. About Merle Haggard, . About Donald Trump, T. About James A. Garfie. About Trinidad and To. About Ch.|974|406456|404210
406465|2010-03-02 11:53:14|ok|2608|404210|404210
406462|2010-03-02 12:17:19|About Sigmund . About Horatio . About Bill Cli. About Theodore. About Weird Al. About Éam.|1259|404210|404210
406467|2010-03-03 00:32:26|About Bill C. About Theodo. About Bing C. About Weird . About Éamon . About Willia. Abo.|1259|406462|404210
406471|2010-03-03 00:32:39|About Brian. About Bill . About Bing . About Weird. About Meat . About I Me . About.|2608|406467|404210
406468|2010-03-03 06:59:44|LOL|974|406467|404210
406040|2010-03-02 09:27:24|duh|2886|404167|404167
406044|2010-03-02 09:36:45|About Elizabet. About Lady Gag. About Master o. About Unbreaka. About Black & . About Ne.|2608|404167|404167
406055|2010-03-02 15:10:39|ok|974|406044|404167
406046|2010-03-03 07:09:03|About Lady Gaga, T. About James Brown,. About Fred Astaire. About Master o.|1259|406044|404167
406049|2010-03-03 22:53:07|About James Brown, 1970s were of comparable size, and t. About Walt Whitman, at one point he called for the abol. About The Main Event – Live, Main Event – Live is a.|2886|406046|404167
406056|2010-03-04 02:44:20|thx|1259|406049|404167
406041|2010-03-02 09:41:04|About Jarmila Gajdošová, turn. About Clement Attlee, would b. About Crimea, notably by Will. About Hohenzollern-Sigmaringe. About New Surrender, Fe.|1259|404167|404167
406053|2010-03-02 09:48:57|About Aurangz. About Jarmila. About Amy Win. About Leona L. About Crimea. About New.|974|406041|404167
406043|2010-03-02 10:05:11|I see|1259|406041|404167
406042|2010-03-02 13:56:02|About Clement Attl. About B.B. King, t. About Fat Joe. About Al Green, #6. .|2886|406041|404167
406047|2010-03-02 13:57:17|good|1259|406042|404167
406057|2010-03-02 16:43:35|ok|2608|406042|404167
406051|2010-03-02 22:36:50|roflol|2608|406042|404167
406050|2010-03-02 09:49:30|thanks|2608|404167|404167
406045|2010-03-02 10:02:21|About Jarmila . About Elizabet. About Charles . About Lenny Kr. About Éamon de. About Ant.|2608|404167|404167
406054|2010-03-02 16:30:44|duh|974|406045|404167
406052|2010-03-03 05:16:47|duh|2886|406045|404167
406048|2010-03-03 05:30:19|LOL|2608|406045|404167
406058|2010-03-02 12:52:46|right|2608|404167|404167
406647|2010-03-02 11:21:15|thx|2608|404226|404226
406646|2010-03-02 19:17:05|About Jarmila Gajdošová, Groth from 2. About Alice Cooper, show that featu.|2886|404226|404226
406649|2010-03-02 19:31:23|About Jarmila Gajdošová, . About Alice Cooper, his 1. About Éamon de Valera,.|2608|406646|404226
406648|2010-03-02 23:39:22|thanks|2886|406646|404226
406645|2010-03-03 00:59:04|I see|974|404226|404226
407182|2010-03-02 12:07:01|good|2608|404280|404280
407171|2010-03-02 12:12:06|yes|2886|404280|404280
407172|2010-03-02 12:59:08|ok|2608|404280|404280
407177|2010-03-02 16:07:55|yes|974|404280|404280
407173|2010-03-02 18:17:13|right|974|404280|404280
407175|2010-03-02 23:46:48|no|2608|404280|404280
407174|2010-03-02 23:58:21|About René Des. About Claude M. About Louis Ar. About Robert F. About Eart.|2608|404280|404280
407180|2010-03-02 23:58:32|About Shania. About René D. About Claude. About Louis . About Earth . About New Tr. Abo.|2886|407174|404280
407181|2010-03-03 07:31:50|About Step. About René. About Clau. About Osca. About Fred. About A Mi. About New ..|1259|407180|404280
407179|2010-03-03 03:53:24|fine|974|407174|404280
407176|2010-03-03 11:29:12|right|2608|407174|404280
407183|2010-03-03 18:28:08|maybe|1259|407174|404280
407178|2010-03-03 08:16:51|duh|974|404280|404280
407030|2010-03-02 12:11:02|right|1259|404266|404266
407025|2010-03-02 12:58:15|great|974|404266|404266
407021|2010-03-02 12:59:38|About Henry IV of F. About 50 Cent, Who'. About Al Green, mus. About My Favou.|974|404266|404266
407028|2010-03-02 12:59:54|thanks|974|407021|404266
407031|2010-03-03 04:44:45|thx|1259|407021|404266
407022|2010-03-02 14:15:19|About Barack Obama, . About Tom Cruise, (2. About Boonoonoonoos,. About My Favour.|2608|404266|404266
407024|2010-03-02 14:15:47|right|974|407022|404266
407027|2010-03-02 14:17:22|About Barack Obama, in Jul. About Tom Cruise, in a var. About Waylon Jennings, acc. About Doris Day, and femal. About Boonoonoonoos, In th. About My Favourite.|2608|407022|404266
407029|2010-03-02 17:14:22|thanks|2886|407027|404266
407023|2010-03-02 19:28:39|no way!|974|407022|404266
407026|2010-03-02 20:19:33|thanks|2886|407022|404266
407483|2010-03-02 15:56:59|About Igor Strav. About Jarmila Ga. About William Sh. About Stanley Ku. About Wei.|2608|404307|404307
407475|2010-03-02 18:18:17|About Weird Al Yankovic, LP Weird Al . About Universal Studios, studios thr.|2886|404307|404307
407478|2010-03-02 18:18:27|yes|974|407475|404307
407479|2010-03-02 18:20:37|cool|1259|407475|404307
407477|2010-03-03 01:02:20|About Music Machine II, by Candle that is a continuation of the Music Machine album from 1977. It is set in Agapeland, a.|974|407475|404307
407476|2010-03-03 04:23:22|About Secret Messages, Louis Clark and real stringed instruments. It was also the .|2886|407475|404307
407480|2010-03-03 15:35:06|About Donna Summer, on the disco scene. Over the following years, Summer followed this success with a string of.|2608|407476|404307
407482|2010-03-03 10:17:10|great|1259|407475|404307
407481|2010-03-02 23:19:08|About Igor Stravinsk. About Jarmila Gajdoš. About William Shakes. About Weird Al Ya.|974|404307|404307
406828|2010-03-02 13:27:20|About Jarmila Ga. About 50 Cent, f. About The Everly. About Rocket 88,. About Lov.|974|404244|404244
406826|2010-03-02 13:57:04|no|974|404244|404244
406827|2010-03-03 00:25:14|thx|2608|404244|404244
406825|2010-03-03 04:43:54|duh|2886|404244|404244
406187|2010-03-02 13:11:11|About Jarmi. About Thoma. About Éamon. About Pete . About Al Gr. About Primi. About Rober.|1259|404186|404186
406195|2010-03-02 22:29:07|maybe|2608|406187|404186
406192|2010-03-02 13:46:15|About Avril Lav. About Sigmund F. About Queen Eli. About William T. About Claud.|2886|404186|404186
406189|2010-03-02 19:09:50|About Karl M. About Thomas. About Robert. About Where . About Watch . About Beauti. A.|974|404186|404186
406190|2010-03-02 19:14:38|duh|1259|406189|404186
406194|2010-03-03 13:49:57|duh|2608|406189|404186
406186|2010-03-02 20:31:32|About Sigmund Freud, th. About Nikolaus Pevsner,. About Saint George, Ort. About Jarmila Gajdošová. About Thomas Jefferson,. About Al Green, In 2005. About For Your.|2886|404186|404186
406188|2010-03-03 11:49:44|cool|2886|406186|404186
406193|2010-03-03 18:32:30|About Sig. About Nik. About Sai. About Mar. About Al . About Cur. About Kaz. About For. .|974|406186|404186
406196|2010-03-03 20:52:14|cool|2608|406193|404186
406191|2010-03-03 03:04:46|no|2608|404186|404186
406314|2010-03-02 13:56:18|roflol|2886|404196|404196
406310|2010-03-02 19:48:16|yes|2886|404196|404196
406312|2010-03-03 03:37:15|I see|2608|404196|404196
406315|2010-03-03 05:56:49|maybe|2608|404196|404196
406311|2010-03-03 06:53:23|maybe|2886|404196|404196
406313|2010-03-03 07:17:01|duh|1259|404196|404196
406612|2010-03-02 13:33:25|fine|1259|404223|404223
406611|2010-03-02 13:42:52|no|2608|404223|404223
406613|2010-03-02 13:51:27|thx|2886|404223|404223
406610|2010-03-02 16:39:07|right|2608|404223|404223
406615|2010-03-03 03:58:14|About Weird Al Yankovic, peaked at number . About The Amazing Jeckel Brothers, by Is.|2886|404223|404223
406622|2010-03-03 04:04:49|About Weird Al Yankovic, by American s. About Will.i.am, before being follow.|2886|406615|404223
406625|2010-03-03 04:14:50|no|974|406622|404223
406624|2010-03-03 06:57:17|thx|2608|406622|404223
406623|2010-03-03 12:56:13|About Weird Al Yankovic,. About Will.i.am, actor, . About Atlantis: Hymns .|2608|406622|404223
406617|2010-03-03 13:06:36|About The Amazing Jeckel Brothers, The Jerk. About Best of You, highest chart peaks in.|1259|406615|404223
406626|2010-03-04 09:16:55|About Willie Nelson, Pamper Music whi. About The Amazing Jeckel Brothers, .|2608|406617|404223
406616|2010-03-03 14:17:13|roflol|1259|406615|404223
406621|2010-03-03 15:19:10|great|2886|406615|404223
406618|2010-03-03 16:11:01|duh|2886|406615|404223
406619|2010-03-04 00:55:57|About Chaka Khan, embarked on a successful. About The Amazing Jeckel Brothers, Broth.|1259|406615|404223
406620|2010-03-04 05:20:25|cool|974|406619|404223
406614|2010-03-03 07:45:45|great|2608|404223|404223
406765|2010-03-02 15:26:07|fine|2886|404237|404237
406767|2010-03-02 17:01:58|About Arnaud Clément, De. About Sheryl Crow, duets. About Darfur, United S.|2608|404237|404237
406768|2010-03-02 18:35:33|thanks|974|404237|404237
406766|2010-03-03 06:10:32|yes|1259|404237|404237
215504|2010-03-02 15:58:35|no way!|407|215403|215403
215494|2010-03-02 16:44:32|About Nikolai Rimsky-Korsakov, of the sea mi. About Count Basie, theater in his town of R.|407|215403|215403
215505|2010-03-02 17:34:05|duh|407|215494|215403
215499|2010-03-03 05:58:27|About Benito Mussolini, also created . About Nikolai Rimsky-Korsakov, compl.|407|215494|215403
215510|2010-03-03 07:50:25|roflol|407|215499|215403
215506|2010-03-03 08:12:10|About Benito Mussolini, . About Nikolai Rimsky-Kor. About Pharrell William.|407|215499|215403
215511|2010-03-03 16:44:55|good|407|215506|215403
215509|2010-03-03 05:59:26|yes|407|215494|215403
215497|2010-03-03 07:33:38|About Christopher Lee, prequel trilog. About Count Basie, long engagement a.|407|215494|215403
215500|2010-03-04 05:12:59|About Christopher Lee, acto. About Count Basie, group fo. About A Legal Matter, po.|407|215497|215403
215507|2010-03-04 05:16:37|cool|407|215500|215403
215508|2010-03-04 10:32:20|roflol|407|215500|215403
215495|2010-03-02 16:50:00|maybe|407|215403|215403
215493|2010-03-02 16:54:31|good|407|215403|215403
215503|2010-03-02 18:00:11|right|407|215403|215403
215496|2010-03-02 20:24:42|About Pope John XXIII, but di. About David Bowie, Throughout. About Beyoncé Knowles, Dre.|407|215403|215403
215498|2010-03-02 22:41:43|fine|407|215496|215403
215502|2010-03-03 01:15:41|thx|407|215403|215403
215501|2010-03-03 08:27:38|good|407|215403|215403
1077375|2010-03-02 17:21:47|About Mick Jagg. About Gerald Fo. About Leonardo . About Panama, p. About Feels Lik. About.|1564|1076821|1076821
1077377|2010-03-02 17:22:54|thanks|1564|1077375|1076821
1077376|2010-03-03 16:20:39|roflol|1564|1077375|1076821
1077380|2010-03-02 17:22:44|roflol|1564|1076821|1076821
1077373|2010-03-02 18:03:25|About Mick Jagger, trad. About Tim Burton, close. About Adam Sandler, a f. About Martin Van Buren,. About Feels Like.|1564|1076821|1076821
1077378|2010-03-03 06:15:23|yes|1564|1077373|1076821
1077374|2010-03-02 19:39:03|fine|1564|1076821|1076821
1077381|2010-03-02 21:05:53|great|1564|1076821|1076821
1077372|2010-03-03 00:32:14|LOL|1564|1076821|1076821
1077370|2010-03-03 03:03:21|good|1564|1076821|1076821
1077371|2010-03-03 11:29:58|maybe|1564|1076821|1076821
1077379|2010-03-03 13:08:20|great|1564|1076821|1076821
407394|2010-03-02 18:40:45|About Che Guevara, 196. About Margaret Thatche. About Barbra Streisand. About Ira Gershwi.|1259|404299|404299
407397|2010-03-02 18:41:16|thx|2608|407394|404299
407395|2010-03-02 19:57:54|fine|974|407394|404299
407396|2010-03-02 18:50:30|About Jarmila Gajd. About Bruce Spring. About Alice Cooper. About Scarlet .|2886|404299|404299
406855|2010-03-02 17:47:01|thx|2886|404248|404248
406853|2010-03-02 17:49:57|no|2886|404248|404248
406843|2010-03-02 18:05:31|no|2886|404248|404248
406841|2010-03-02 18:17:45|good|2886|404248|404248
406844|2010-03-02 20:52:47|fine|2608|404248|404248
406846|2010-03-02 21:41:44|About Louis XIV of . About Jarmila Gajdo. About Abraham Linco. About 50 Cent,.|974|404248|404248
406849|2010-03-03 00:04:45|About Rabindranath Tagore,. About Gloria Macapagal-Arr. About Jarmila Gajdošov.|2886|406846|404248
406852|2010-03-03 02:20:52|roflol|2608|406849|404248
406839|2010-03-02 22:42:50|thanks|2886|404248|404248
406854|2010-03-02 23:11:03|good|1259|404248|404248
406845|2010-03-03 00:28:02|I see|1259|404248|404248
406840|2010-03-03 01:34:43|About Jarmila Gajdošová, to 2011, is . About Richard Nixon, exploration. He . About Who Let the Dogs Out?, and plac. About Western Sahara, the Western .|1259|404248|404248
406856|2010-03-03 02:01:45|no way!|974|406840|404248
406848|2010-03-03 02:24:49|LOL|974|406840|404248
406847|2010-03-03 04:40:11|cool|2608|406840|404248
406842|2010-03-03 13:43:41|no|974|406840|404248
406851|2010-03-03 22:35:46|great|2608|406840|404248
406850|2010-03-03 22:47:31|cool|974|406840|404248
406992|2010-03-02 17:54:59|fine|2886|404263|404263
406994|2010-03-02 17:57:41|About Euripides, . About Rabindranat. About Jarmila Gaj. About Arthur Well. About David .|2608|404263|404263
407004|2010-03-02 17:58:50|no|2608|406994|404263
407005|2010-03-02 18:24:50|About Euripid. About Henry V. About Arthur . About David H. About Vietnam. About K.|2608|406994|404263
406995|2010-03-02 22:29:09|duh|1259|406994|404263
407006|2010-03-03 00:35:33|About Charle. About Euripi. About Jarmil. About Arthur. About David . About Syria,. Abou.|2608|406994|404263
407010|2010-03-03 15:26:25|no|974|407006|404263
407008|2010-03-03 18:48:11|About Antonio . About Jarmila . About Arthur W. About Lord Byr. About Benjamin. Abou.|1259|407006|404263
407009|2010-03-03 04:08:25|ok|1259|406994|404263
407003|2010-03-02 18:03:29|thx|1259|404263|404263
406993|2010-03-02 19:10:14|About Charles Darwin, It is notable for its World War II–e. About Ronald Reagan, new political and economic initiative. About Cape Colony, remained in the British Empire, beco.|1259|404263|404263
406997|2010-03-02 19:29:39|duh|2608|406993|404263
407002|2010-03-02 21:28:30|thx|974|406993|404263
407001|2010-03-02 19:31:45|no way!|2608|404263|404263
407011|2010-03-02 19:56:17|LOL|974|404263|404263
406996|2010-03-03 09:03:08|About Wil. About Geo. About Jar. About Éam. About Som. About Wha. About Rin. A.|1259|404263|404263
407007|2010-03-03 09:24:00|no|2608|406996|404263
406998|2010-03-03 18:14:06|right|2608|406996|404263
407000|2010-03-03 18:42:31|duh|2608|406996|404263
406999|2010-03-03 19:55:11|duh|1259|406996|404263
407639|2010-03-02 18:05:31|I see|974|404319|404319
407641|2010-03-02 21:11:03|About Anne, Queen of G. About Joss Whedon, co-. About Ludwig van Beeth. About Stephen King.|2886|404319|404319
407643|2010-03-03 00:23:43|no|974|407641|404319
407637|2010-03-03 11:30:13|About Dante Alighieri, Poet) or . About Jarmila Gajdošová, a Slova. About Howard Hughes, of the weal. About Ludwig van Beethoven, in t. About Stephen King, of shor.|2886|404319|404319
407640|2010-03-03 11:33:26|yes|2886|407637|404319
407642|2010-03-03 11:34:55|duh|1259|407637|404319
407644|2010-03-03 13:59:52|good|974|407637|404319
407638|2010-03-03 15:16:08|I see|2886|407637|404319
1077510|2010-03-02 18:45:16|fine|1564|1076833|1076833
1077503|2010-03-02 18:49:25|About Alanis M. About Jarmila . About Woody Al. About Miley Cy. About That Was. Abou.|1564|1076833|1076833
1077513|2010-03-02 18:52:07|right|1564|1077503|1076833
1077508|2010-03-02 21:57:56|thx|1564|1077503|1076833
1077506|2010-03-03 01:19:02|maybe|1564|1077503|1076833
1077509|2010-03-03 03:15:08|About Adolf H. About Raphael. About Jarmila. About Stevie . About Miley C. About.|1564|1077503|1076833
1077512|2010-03-03 07:43:04|I see|1564|1077503|1076833
1077505|2010-03-03 17:32:49|About Alanis. About Jarmil. About George. About Woody . About Kenny . About Jamie . A.|1564|1077503|1076833
1077514|2010-03-03 17:36:00|fine|1564|1077505|1076833
1077500|2010-03-02 21:52:14|yes|1564|1076833|1076833
1077498|2010-03-02 22:10:41|About Plat. About Nico. About Jarm. About Wood. About 50 C. About Weir. Ab.|1564|1076833|1076833
1077499|2010-03-03 02:29:13|no way!|1564|1077498|1076833
1077502|2010-03-03 08:00:46|About Adolf. About Georg. About Nicol. About Alexa. About Jarmi. About Frank. A.|1564|1077498|1076833
1077504|2010-03-03 15:51:57|About Adolf Hi. About George F. About Nicolaus. About Jarmila . About Philip I. About Closer t. About Trần Dyn. Abo.|1564|1077502|1076833
1077511|2010-03-03 09:58:52|About Nicolaus. About Jarmila . About H. G. We. About Woody Al. About 50 Cent,. About Weird Al. About Spike Le. A.|1564|1077498|1076833
1077501|2010-03-03 20:29:47|I see|1564|1077498|1076833
1077497|2010-03-03 02:16:19|I see|1564|1076833|1076833
1077507|2010-03-03 02:16:21|fine|1564|1076833|1076833
215488|2010-03-02 18:48:25|cool|407|215402|215402
215489|2010-03-02 19:44:42|About Victor Hugo, and his wo. About George Washington, over. About Willie Nelson, the end . About Weird Al Yankovic, albu. About Please Please Me, Of th. About Saint Andrew, p.|407|215402|215402
215487|2010-03-03 00:17:05|maybe|407|215402|215402
215490|2010-03-03 05:04:32|About Joan o. About Jarmil. About Bono, . About Alice . About Al Gre. About Please. .|407|215402|215402
215491|2010-03-03 09:38:02|cool|407|215490|215402
215486|2010-03-03 08:42:06|yes|407|215402|215402
215492|2010-03-03 17:21:35|good|407|215402|215402
406233|2010-03-02 23:02:22|roflol|974|404189|404189
406235|2010-03-03 03:37:53|About George I. About George B. About Jarmila . About Roger Wa. About United S. About I W.|2608|404189|404189
406239|2010-03-03 04:25:22|yes|2886|406235|404189
406241|2010-03-03 19:16:39|good|2608|406235|404189
406230|2010-03-03 03:48:48|cool|2886|404189|404189
406232|2010-03-03 06:50:48|thx|1259|404189|404189
406231|2010-03-03 07:23:02|About George Berna. About Oprah Winfre. About Weird Al Yan. About Liza Minnell. About I Wi.|974|404189|404189
406236|2010-03-03 08:21:36|About Elizabeth I of E. About Pharrell William. About I Will Always Lo. About Cape Colony,.|2608|406231|404189
406240|2010-03-03 10:10:57|yes|1259|406236|404189
406238|2010-03-03 14:55:05|About George Bernard Shaw. About John Milton, for fr. About Frank Lloyd Wright,. About Spending My Time.|2886|406231|404189
406234|2010-03-03 15:05:51|thanks|1259|406231|404189
406237|2010-03-04 04:35:33|maybe|2608|406231|404189
215538|2010-03-03 11:18:52|About Napoleon. About Jarmila . About Virginia. About Weird Al. About Clark Ga. About .|407|215407|215407
215539|2010-03-04 05:30:26|I see|407|215538|215407
405976|2010-03-02 21:42:08|About Charles I of Eng. About Thomas Jefferson. About Michael Jordan, . About John Travolta, a. About Landgraviat.|974|404162|404162
405978|2010-03-02 21:50:18|cool|974|405976|404162
405967|2010-03-02 21:43:54|no way!|974|404162|404162
405969|2010-03-02 22:03:57|right|1259|404162|404162
405965|2010-03-02 22:08:44|ok|2608|404162|404162
405971|2010-03-02 22:29:17|About Saint George. About Jarmila Gajdo. About Sean Connery,. About Orson Welles,. About Al Green, thi. About John Trav.|2886|404162|404162
405981|2010-03-02 23:11:39|ok|2608|405971|404162
405972|2010-03-03 02:39:38|About Augus. About Saint. About Ennio. About Pyotr. About Jarmi. About Orson. Ab.|974|405971|404162
405979|2010-03-03 17:34:40|LOL|974|405972|404162
405966|2010-03-03 00:28:07|duh|2886|404162|404162
405968|2010-03-03 01:25:34|yes|974|404162|404162
405970|2010-03-03 02:45:30|duh|974|404162|404162
405974|2010-03-03 12:57:39|About Leon Tr. About Stevie . About John Ke. About Orson W. About Weird A. About Jo.|2608|404162|404162
405975|2010-03-03 12:57:55|About Leon Tr. About John Ke. About Weird A. About Nancy P. About Keep th. About Or.|1259|405974|404162
405982|2010-03-03 13:11:18|About Leon Trot. About James II . About Lyndon B.. About John Kerr. About Canadian . About.|974|405975|404162
405980|2010-03-03 13:46:32|LOL|2886|405975|404162
405977|2010-03-03 17:03:36|About Fidel Castro, o. About Jack Nicholson,. About Keep the Faith,. About Joe Cocker,.|974|405975|404162
405973|2010-03-03 15:03:30|no|2608|404162|404162
406508|2010-03-03 01:31:29|great|2886|404213|404213
406507|2010-03-03 17:59:43|About Le Cor. About Edward. About Lou Re. About Jack K. About Israel. About S.|2608|404213|404213
406510|2010-03-03 18:07:40|About Ri. About Le. About Ed. About Sa. About Lo. About Ja. About Al. About .|2608|406507|404213
406509|2010-03-04 08:00:09|About Camille S. About Lou Reed,. About Monty Pyt. About Israel, o. About Th.|2608|406507|404213
406655|2010-03-02 23:22:57|LOL|1259|404227|404227
406652|2010-03-03 00:30:43|About Jar. About LL . About Al . About Ele. About Al . About Tup. About Hir. A.|1259|404227|404227
406658|2010-03-03 00:32:59|roflol|2608|406652|404227
406653|2010-03-03 06:32:50|roflol|974|406652|404227
406654|2010-03-03 11:20:44|About Jarmil. About Weird . About LL Coo. About Eleano. About Al Gre. About Hirohi. Ab.|1259|406652|404227
406659|2010-03-03 17:58:30|About Dmitri Shostakovich,. About Jarmila Gajdošová, t. About Ernest Hemingway, he. About Al Green, in 1995, r. About Break the Cycle, inc. About You Were on M.|974|406654|404227
406660|2010-03-03 16:09:40|About Cath. About Davi. About Thom. About LL C. About Al P. About Al G. About Tupa.|974|406652|404227
406657|2010-03-04 00:07:19|thanks|2886|406652|404227
406650|2010-03-03 17:19:09|About Jarmila Gajd. About Margaret Tha. About George Washi. About James K..|1259|404227|404227
406651|2010-03-03 17:31:55|I see|974|406650|404227
406656|2010-03-04 01:56:46|LOL|2886|406650|404227
406117|2010-03-02 23:14:02|roflol|974|404174|404174
406123|2010-03-02 23:15:09|thx|974|404174|404174
406122|2010-03-02 23:24:29|ok|2886|404174|404174
406120|2010-03-02 23:32:17|thanks|2608|404174|404174
406119|2010-03-03 00:12:26|About Adolf Hitler, some. About Louis Philippe I, . About Jarmila Gajdošov.|1259|404174|404174
406125|2010-03-03 00:15:10|About Louis Philippe I, last ki. About Al Green, peak of his pop. About Germany, regions became.|974|406119|404174
406115|2010-03-03 01:21:09|great|2886|404174|404174
406118|2010-03-03 01:47:25|About Brian Eno, This page contains information related to recordings by English ele.|974|404174|404174
406124|2010-03-03 01:59:48|good|2608|406118|404174
406121|2010-03-03 05:13:19|fine|2608|404174|404174
406116|2010-03-03 19:39:13|maybe|974|404174|404174
1077249|2010-03-03 00:04:24|right|1564|1076807|1076807
1077248|2010-03-03 00:28:37|I see|1564|1076807|1076807
1077250|2010-03-03 08:34:36|ok|1564|1076807|1076807
407249|2010-03-03 03:38:51|About Jarmila Gajdo. About Leona Lewis, . About Weird Al Yank. About Matt Damo.|1259|404286|404286
407260|2010-03-03 03:39:13|no|1259|407249|404286
407251|2010-03-03 04:59:30|About Tiberius, in 39 BC,. About Leona Lewis, third . About Meat Loaf, Mons.|2886|407249|404286
407253|2010-03-03 04:59:40|maybe|2608|407251|404286
407265|2010-03-03 05:22:18|ok|2886|407251|404286
407252|2010-03-03 23:26:33|About Tiberius, Sejanus and . About Classic Limited Editio. About David Live, was Bow.|974|407251|404286
407267|2010-03-03 23:31:42|I see|1259|407252|404286
407255|2010-03-03 23:51:06|About Tiberius, Sutorius Ma. About Alice Cooper, metal e. About Diana Ross, In 197.|2886|407252|404286
407259|2010-03-04 01:09:35|About Pope Leo XIII. About Alice Cooper,. About Diana Ross, a. About Then He K.|2608|407255|404286
407256|2010-03-04 20:38:27|About Joni Mitchell,. About Tiberius, men.. About Alice Cooper, . About Josephus,.|974|407255|404286
407266|2010-03-04 20:54:23|About Joni Mi. About Tiberiu. About Alice C. About Merle H. About Josephu. About.|2886|407256|404286
407264|2010-03-04 23:02:56|About Tiberius, Aelius. About Henry I of Engla. About Alice Cooper, re. About Shut Your Mo.|2886|407256|404286
407261|2010-03-05 00:32:36|About Joni Mitche. About Tiberius, a. About Alice Coope. About Meryl Stree. About I Am...|2608|407256|404286
407257|2010-03-04 05:48:56|About Martin Scorsese, viol. About Albania, a member of . About David Live, Diamond.|1259|407252|404286
407263|2010-03-04 07:08:37|About Bertolt Brecht, und. About Dizzy Gillespie, ba. About David Live, Whil.|974|407257|404286
407258|2010-03-04 13:11:53|About Louis IX of France, of the Holy Trinit. About Eminem, became the rapper's first num.|1259|407252|404286
407262|2010-03-04 20:29:09|good|974|407258|404286
407254|2010-03-03 05:06:20|cool|2608|407249|404286
407250|2010-03-03 11:31:47|roflol|974|404286|404286
407248|2010-03-04 02:53:26|no|2886|404286|404286
1077321|2010-03-03 03:51:41|About Marti. About Felix. About Livy,. About Igor . About Jarmi. About Beyon. About Since.|1564|1076815|1076815
1077322|2010-03-03 03:55:25|About W. About M. About J. About I. About J. About B. About M. About S. Abo.|1564|1077321|1076815
1077323|2010-03-04 00:47:29|fine|1564|1077322|1076815
1077325|2010-03-03 05:38:18|About Mart. About Livy. About Geor. About Beyo. About Hadr. About When. About Goo.|1564|1077321|1076815
1077326|2010-03-03 20:57:45|About M. About L. About G. About B. About E. About D. About A. About W. About W.|1564|1077325|1076815
1077319|2010-03-03 05:38:54|About Felix Mend. About David Bowi. About John Gielg. About William Pi. About Hadria.|1564|1076815|1076815
1077327|2010-03-04 02:12:26|yes|1564|1077319|1076815
1077320|2010-03-03 12:17:45|duh|1564|1076815|1076815
1077324|2010-03-03 22:13:53|fine|1564|1076815|1076815
406984|2010-03-03 04:37:59|no|2886|404262|404262
406989|2010-03-03 04:38:39|good|2886|404262|404262
406988|2010-03-03 04:54:59|About John Howard, of . About Jarmila Gajdošov. About Al Green, April . About Andre Agas.|2886|404262|404262
406991|2010-03-03 07:14:57|About John Howard, Howard Duke . About Jarmila Gajdošová, Groth . About Parallel Lines, reached n. About Philip Glass, of hi.|2886|406988|404262
406987|2010-03-03 08:20:25|duh|2608|404262|404262
406985|2010-03-03 08:44:05|right|2886|404262|404262
406990|2010-03-03 20:15:00|cool|2886|404262|404262
406983|2010-03-04 01:11:23|LOL|2608|404262|404262
406986|2010-03-04 02:42:52|LOL|1259|404262|404262
407204|2010-03-03 05:06:58|yes|2886|404283|404283
407206|2010-03-03 06:18:48|About . About . About . About . About . About . About . About . About . Abo.|974|404283|404283
407210|2010-03-03 07:39:27|About J. About J. About K. About J. About M. About L. About D. About S. About L. Abo.|2886|407206|404283
407208|2010-03-03 11:06:58|About . About . About . About . About . About . About . About . About . About .|2886|407206|404283
407209|2010-03-03 11:49:13|no|1259|407206|404283
407202|2010-03-03 15:34:32|maybe|2886|404283|404283
407207|2010-03-03 15:59:45|About Joseph. About Hector. About Arthur. About Bob Dy. About 50 Cen. About Thomas. About.|2886|404283|404283
407212|2010-03-03 22:09:29|cool|1259|407207|404283
407211|2010-03-03 16:27:46|no|2886|404283|404283
407203|2010-03-03 18:04:59|good|2608|404283|404283
407205|2010-03-03 23:28:06|roflol|2608|404283|404283
215463|2010-03-03 05:23:10|About Catherine. About Jarmila G. About Andrew Ll. About Jesus, wi. About Pri.|407|215400|215400
215468|2010-03-03 10:51:06|good|407|215463|215400
215467|2010-03-03 15:02:06|maybe|407|215463|215400
215470|2010-03-03 20:01:23|About Joseph Ha. About Hector Be. About Nicholas . About Andrew Ll. About J.|407|215463|215400
215464|2010-03-03 05:52:52|duh|407|215400|215400
215465|2010-03-03 09:32:28|About Antonín Dvořák,. About Thomas Aquinas,. About Nicholas I of R. About Jarmila Gajd.|407|215400|215400
215466|2010-03-04 03:27:22|duh|407|215465|215400
215469|2010-03-03 10:20:05|great|407|215400|215400
1378977|2010-03-03 06:36:56|About Augustine of . About Leonard Cohen. About Luther Vandro. About SexyBack..|1259|1378654|1378654
1378981|2010-03-03 06:38:08|thx|1259|1378977|1378654
1378979|2010-03-03 08:20:14|thx|1259|1378977|1378654
1378985|2010-03-03 09:00:42|About Leonard Cohe. About Donna Summer. About SexyBack, no. About Mali, Ma.|1259|1378977|1378654
1378987|2010-03-03 18:15:51|maybe|1259|1378985|1378654
1378989|2010-03-03 21:43:17|yes|1259|1378985|1378654
1378978|2010-03-03 09:13:36|thanks|1259|1378977|1378654
1378980|2010-03-03 09:17:11|no way!|1259|1378977|1378654
1378982|2010-03-03 10:10:01|I see|1259|1378654|1378654
1378983|2010-03-03 11:54:11|About Augustine . About Dean Marti. About Luther Van. About Whitney Ho. About Finer .|1259|1378654|1378654
1378986|2010-03-03 12:02:02|About Fidel Castro, the transfo. About Jamie Foxx, December 13, . About Frogstomp, U.S. and has b. About Finer Feelings, vid.|1259|1378983|1378654
1378988|2010-03-03 13:23:37|no|150|1378983|1378654
1378984|2010-03-03 14:25:27|I see|1259|1378654|1378654
406165|2010-03-03 09:50:59|LOL|974|404178|404178
406243|2010-03-03 07:40:02|About Agatha Christie, with . About Alice Cooper, Vincent . About Ali, about 2500 sp.|2886|404190|404190
406244|2010-03-03 07:44:34|About Agatha Ch. About Alice Coo. About Genius of. About Ali. About 9 to 5 .|2886|406243|404190
406245|2010-03-03 11:02:26|About James Joyce,. About Cyndi Lauper. About Al Green, St. About Ali. Abo.|2608|406244|404190
406249|2010-03-03 13:20:18|About James Joyce, an. About Amy Winehouse, . About Al Green, born . About The Sidewind.|2608|406245|404190
406252|2010-03-03 22:02:46|About James Joyce, books of poetry,. About Al Green, to him as one of th. About Cosmic Girl, chart success, p. About Feeling Good, song. The song . About The Sidewinder, closing .|2608|406249|404190
406256|2010-03-03 22:12:10|I see|2608|406252|404190
406248|2010-03-03 10:15:17|About Jonathan Swift, The Bat. About Alice Cooper, rock, art. About Independent State of.|2608|406243|404190
406253|2010-03-04 01:55:44|thx|2886|406248|404190
406254|2010-03-04 08:28:34|thanks|1259|406248|404190
406255|2010-03-03 10:41:46|no way!|1259|406243|404190
406251|2010-03-03 15:13:16|no|974|406243|404190
406242|2010-03-03 21:24:14|About Amy Winehouse, becam. About Ali, Plants assigned. About People Got to Be.|2886|404190|404190
406247|2010-03-04 11:01:12|thanks|2886|406242|404190
406246|2010-03-03 22:51:56|About W. B. Yeats, poets. From. About Barack Obama, In January. About Weird Al Yankovic, The.|2886|404190|404190
406250|2010-03-04 01:49:57|maybe|974|406246|404190
406257|2010-03-04 02:06:41|About Jarmila Gajdošo. About Adam Smith, 175. About Barack Obama, h. About Jermaine D.|2608|404190|404190
406258|2010-03-04 09:05:37|no way!|2608|406257|404190
215476|2010-03-03 07:10:20|About Dmitry Medvedev, with 70.28%. About Jarmila Gajdošová, as Jarmil. About Lord Byron, Met never produc. About Amy Winehouse, Frank, was cr. About Will Smith, in Hollywo.|407|215401|215401
215483|2010-03-03 07:37:30|great|407|215476|215401
215471|2010-03-03 07:12:10|thx|407|215401|215401
215472|2010-03-03 07:51:45|thx|407|215401|215401
215484|2010-03-03 07:54:54|good|407|215401|215401
215473|2010-03-03 08:20:37|duh|407|215401|215401
215474|2010-03-03 08:29:43|cool|407|215401|215401
215485|2010-03-03 12:10:50|About Josi. About Vinc. About Jarm. About Al G. About Otto. About Paul. Ab.|407|215401|215401
215475|2010-03-03 12:32:23|right|407|215401|215401
215482|2010-03-03 13:04:51|About Vincent van. About Robin Willi. About Adam Sandle. About Matt Groeni. About First .|407|215401|215401
215477|2010-03-04 04:20:20|About Pope . About Vince. About Dmitr. About Jarmi. About Portu. About Finla. About Paul ..|407|215401|215401
215481|2010-03-04 18:40:12|LOL|407|215477|215401
215478|2010-03-04 19:12:44|right|407|215477|215401
215479|2010-03-05 02:22:03|right|407|215477|215401
215480|2010-03-04 04:22:19|no way!|407|215401|215401
406917|2010-03-03 12:24:42|About Louis XV. About Charles . About Dionne W. About Sean Pen. About It Might. About Sha.|2608|404255|404255
406919|2010-03-03 12:30:33|About Charles Darwin, as a mo. About John Coltrane, and rema. About Dionne Warwick, is an A. About Carnival Ride, to debut. About I Walk the Line, with m. About It Might as Wel.|2608|406917|404255
406920|2010-03-03 19:19:16|yes|1259|406919|404255
406918|2010-03-03 17:35:33|great|974|406917|404255
406915|2010-03-04 01:19:40|About Antonio . About Carl Lin. About Charles . About Dionne W. About Socialis. About Ch.|1259|404255|404255
406916|2010-03-04 16:24:55|great|2608|406915|404255
406914|2010-03-04 03:06:20|LOL|2886|404255|404255
407099|2010-03-03 11:24:04|About Sigmu. About Franç. About Jarmi. About Nas. About T.I.. About Marie. About Im.|1259|404272|404272
407103|2010-03-03 11:40:02|thx|974|407099|404272
407091|2010-03-03 14:54:47|ok|974|404272|404272
407102|2010-03-03 18:35:18|no way!|1259|404272|404272
407098|2010-03-03 19:06:04|ok|1259|404272|404272
407092|2010-03-03 20:05:05|thanks|2608|404272|404272
407097|2010-03-03 23:08:25|cool|1259|404272|404272
407093|2010-03-04 00:11:26|About Sig. About Har. About Bil. About Lil. About And. About Imm. About Fe.|2886|404272|404272
407100|2010-03-04 00:27:43|About Albert, Pri. About Shirley Bas. About Harry S. Tr. About Billy Joel,. About Coen brothe. About Andre Agass. About Immanuel Ka. About Federation . About Hot & Wet, . About.|1259|407093|404272
407105|2010-03-04 02:28:21|no way!|2608|407100|404272
407096|2010-03-04 02:28:51|great|2886|407093|404272
407094|2010-03-04 02:48:31|thx|974|407093|404272
407104|2010-03-04 07:07:10|I see|1259|407093|404272
407095|2010-03-04 10:00:48|fine|2886|407093|404272
407090|2010-03-04 00:55:38|duh|974|404272|404272
407101|2010-03-04 00:59:19|thanks|974|404272|404272
726641|2010-03-03 12:27:02|no way!|1103|723297|723297
726644|2010-03-03 13:07:39|About William Randolph Hearst, California, on a hill. About Anthony Hopkins, films have spanned a wide v.|4555|723297|723297
726642|2010-03-03 18:08:48|yes|1103|723297|723297
726645|2010-03-03 23:11:15|thanks|4755|723297|723297
726646|2010-03-04 03:36:17|thx|4555|723297|723297
726643|2010-03-04 04:58:31|I see|4755|723297|723297
407314|2010-03-03 13:19:12|thx|2608|404290|404290
407322|2010-03-03 13:19:21|yes|2886|404290|404290
407317|2010-03-03 13:55:49|ok|1259|404290|404290
407321|2010-03-03 14:07:04|thanks|974|404290|404290
407320|2010-03-03 14:13:10|good|2608|404290|404290
407312|2010-03-03 14:31:28|yes|974|404290|404290
407316|2010-03-03 16:34:36|thanks|974|404290|404290
407319|2010-03-03 18:42:08|no way!|1259|404290|404290
407315|2010-03-03 21:56:20|great|2886|404290|404290
407318|2010-03-03 21:59:55|About Avr. About Sha. About Osc. About Dwi. About Uly. About Wal. About Ric. About Rai. .|2608|404290|404290
407324|2010-03-04 13:49:58|About . About . About . About . About . About . About . About . About . About . Abo.|1259|407318|404290
407325|2010-03-04 14:41:49|ok|2886|407324|404290
407311|2010-03-03 23:08:23|ok|2608|404290|404290
407323|2010-03-04 11:35:54|thx|2886|404290|404290
407313|2010-03-04 12:54:31|LOL|2608|404290|404290
215551|2010-03-03 20:10:43|cool|407|215408|215408
215543|2010-03-03 21:13:20|I see|407|215408|215408
215547|2010-03-03 22:29:35|great|407|215408|215408
215542|2010-03-03 23:40:45|About Jarmila . About Weird Al. About Eleanor . About Saint Ni. About William . About E.|407|215408|215408
215548|2010-03-03 23:51:26|maybe|407|215542|215408
215544|2010-03-04 08:14:25|yes|407|215542|215408
215545|2010-03-04 14:02:31|thx|407|215542|215408
215549|2010-03-04 15:59:27|right|407|215542|215408
215540|2010-03-03 23:47:20|no way!|407|215408|215408
215546|2010-03-04 12:29:57|no way!|407|215408|215408
215541|2010-03-04 12:52:13|roflol|407|215408|215408
215550|2010-03-04 13:17:24|no way!|407|215408|215408
705730|2010-03-04 06:47:30|About Plato, in Athens, the first institutio. About Richard Dawkins, religious faith is a.|4644|705093|705093
705732|2010-03-04 06:48:48|right|4644|705730|705093
705731|2010-03-04 17:04:29|no way!|459|705093|705093
725625|2010-03-04 14:15:41|fine|4555|723209|723209
725624|2010-03-04 17:08:46|About Wolfgang Amadeus Mozar. About Leonard Cohen, and U2,. About Supa Dupa Fly, the a.|3055|723209|723209
725623|2010-03-05 00:57:19|right|768|723209|723209
725622|2010-03-05 01:14:30|fine|3055|723209|723209
167846|2010-03-05 02:52:49|About Denny H. About Alfred,. About Al Paci. About Jack Ke. About John Le. Abo.|4273|167216|167216
167848|2010-03-05 03:06:41|good|2886|167846|167216
167845|2010-03-05 04:06:16|LOL|2886|167216|167216
167841|2010-03-05 04:40:39|About Phil Coll. About Al Pacino. About Adam Sand. About Charlton . About Shot .|3633|167216|167216
167847|2010-03-05 04:41:14|good|3092|167841|167216
167844|2010-03-05 19:26:29|good|4273|167841|167216
167840|2010-03-05 05:02:32|roflol|3633|167216|167216
167839|2010-03-05 09:43:09|cool|3412|167216|167216
167838|2010-03-05 10:26:12|I see|2886|167216|167216
167843|2010-03-05 11:25:51|great|4273|167216|167216
167842|2010-03-05 12:08:36|thanks|3092|167216|167216
167849|2010-03-05 13:59:41|roflol|3092|167216|167216
168095|2010-03-05 06:33:44|About Shakira, it. About Josip Broz . About Denny Hulme. About Graham Gree. About Jay-Z, as t. About Drew Barrym. About Hard .|3412|167243|167243
168097|2010-03-05 06:33:55|fine|3092|168095|167243
168100|2010-03-05 06:34:08|About Sha. About Fra. About Den. About Bey. About Lad. About Dre. About Har. Ab.|3092|168095|167243
168102|2010-03-05 10:15:41|About Sh. About Fr. About De. About 50. About We. About Ke. About Dr. About Ha. Ab.|3412|168100|167243
168107|2010-03-05 13:43:01|no|3412|168102|167243
168105|2010-03-05 16:07:43|cool|2886|168102|167243
168103|2010-03-05 16:47:26|great|3412|168102|167243
168111|2010-03-06 08:52:46|About S. About F. About O. About 5. About W. About K. About L. About D. About H. Abou.|3092|168102|167243
168108|2010-03-05 21:50:59|About Shak. About Dian. About Leon. About Beyo. About Alic. About Drew. About Yo.|2886|168100|167243
168109|2010-03-06 09:49:58|thx|3633|168108|167243
168101|2010-03-05 06:58:07|About Charles VI, Hol. About Joni Mitchell, . About Shakira, on goi. About Indira Gandhi, . About Graham Greene, . About Drew Barrymore,. About Weim.|3092|168095|167243
168098|2010-03-05 06:42:08|no way!|3092|167243|167243
168110|2010-03-05 06:59:41|About Roger Wate. About Leona Lewi. About Bob Dylan,. About Reba McEnt. About Alec B.|3633|167243|167243
168104|2010-03-05 08:08:58|yes|3633|167243|167243
168094|2010-03-05 17:09:24|no way!|3412|167243|167243
168099|2010-03-05 21:10:31|About D. About J. About G. About A. About É. About S. About A. About C. About D.|3633|167243|167243
168106|2010-03-05 21:22:51|yes|3412|168099|167243
168093|2010-03-05 21:24:50|fine|3092|167243|167243
168096|2010-03-06 03:34:34|cool|94|167243|167243
1373267|2010-03-05 20:49:22|I see|1355|1373177|1373177
1373271|2010-03-05 22:06:45|About Neil Young, h. About Bob Hope, an. About Weird Al Yank. About Venus Wi.|1355|1373177|1373177
1373273|2010-03-06 05:20:20|right|1355|1373271|1373177
1373275|2010-03-06 05:47:05|great|1355|1373271|1373177
1373274|2010-03-06 13:50:36|maybe|1355|1373271|1373177
1373270|2010-03-06 07:13:11|fine|1355|1373177|1373177
1373265|2010-03-06 12:35:04|About Denny Hulme, the. About 50 Cent, has bee. About Venus Williams, . About Kuwait, fore.|1355|1373177|1373177
1373268|2010-03-06 12:36:52|About Denny Hulme, . About 50 Cent, of t. About Weird Al Yank. About Kuwait. .|1355|1373265|1373177
1373269|2010-03-06 12:39:40|good|1355|1373268|1373177
1373272|2010-03-06 23:28:20|great|1355|1373268|1373177
1373276|2010-03-06 15:47:34|no|1355|1373265|1373177
1373266|2010-03-06 16:52:20|no way!|1355|1373265|1373177
167953|2010-03-05 18:45:28|duh|4273|167227|167227
167954|2010-03-05 21:34:04|About Indira G. About Denny Hu. About W. B. Ye. About Stephen . About Will Smi. About Mal.|3705|167227|167227
167963|2010-03-05 22:28:04|good|3092|167954|167227
167960|2010-03-05 23:55:16|thanks|3412|167954|167227
167956|2010-03-06 00:12:39|cool|2886|167954|167227
167961|2010-03-06 02:40:01|thanks|2886|167954|167227
167964|2010-03-06 02:43:54|About Henry. About Indir. About Denny. About W. B.. About Dwigh. About Will . About Malay..|3092|167954|167227
167958|2010-03-06 03:01:23|cool|3633|167954|167227
167957|2010-03-05 21:40:46|thx|3092|167227|167227
167959|2010-03-06 00:26:43|maybe|4273|167227|167227
167962|2010-03-06 03:09:05|right|4273|167227|167227
167955|2010-03-06 11:41:23|no|2886|167227|167227
168085|2010-03-05 19:41:21|good|3633|167242|167242
168086|2010-03-05 20:09:32|I see|4273|167242|167242
168087|2010-03-05 20:28:02|LOL|3412|167242|167242
168089|2010-03-06 00:54:02|About Maria . About Johnny. About Burt B. About Peter . About Republ. Abou.|94|167242|167242
168090|2010-03-06 05:52:13|no way!|94|168089|167242
168092|2010-03-06 12:23:10|right|94|168089|167242
168091|2010-03-06 04:09:47|yes|4273|167242|167242
168083|2010-03-06 07:53:23|thx|3092|167242|167242
168088|2010-03-06 09:08:53|thanks|2886|167242|167242
168084|2010-03-06 16:55:36|no way!|4273|167242|167242
1089472|2010-03-05 21:28:04|thx|4555|1089442|1089442
1089468|2010-03-05 21:30:57|yes|4555|1089442|1089442
1089473|2010-03-05 21:46:28|no|4555|1089442|1089442
1089475|2010-03-05 22:27:22|great|4555|1089442|1089442
1089478|2010-03-06 01:34:13|thanks|4555|1089442|1089442
1089470|2010-03-06 02:08:45|no|4555|1089442|1089442
1089471|2010-03-06 03:05:40|LOL|4555|1089442|1089442
1089465|2010-03-06 03:28:34|no|4555|1089442|1089442
1089467|2010-03-06 04:11:21|fine|4555|1089442|1089442
1089476|2010-03-06 07:02:59|About Denny Hulme, Formula . About Francisco Franco, alr. About Alec Baldwin, Award.|4555|1089442|1089442
1089477|2010-03-06 08:27:38|About Weird Al Yankovic, the album is original material, featurin. About Alec Baldwin, first gained recognition through television.|4555|1089476|1089442
1089479|2010-03-06 09:58:54|About Alec Baldwin, and The Departed (2006). . About Rush in Rio, about the album and DVD,.|4555|1089477|1089442
1089480|2010-03-06 23:58:35|cool|4555|1089477|1089442
1089469|2010-03-06 09:17:19|ok|4555|1089442|1089442
1089466|2010-03-06 18:28:46|cool|4555|1089442|1089442
1089464|2010-03-06 18:47:05|yes|4555|1089442|1089442
1089474|2010-03-06 19:06:49|LOL|4555|1089442|1089442
1373245|2010-03-05 23:02:18|good|1355|1373175|1373175
1373257|2010-03-05 23:26:29|About Celine Dion,. About Denny Hulme,. About John Dryden,. About John Quincy . About Hilary Duff,. About Tho.|1355|1373175|1373175
1373244|2010-03-06 01:02:26|About Queen Victor. About Dr. Dre. About Phil Spector. About Duchy of Sav..|1355|1373175|1373175
1373250|2010-03-06 05:06:33|roflol|1355|1373244|1373175
1373253|2010-03-06 09:11:29|great|1355|1373244|1373175
1373254|2010-03-06 03:17:43|cool|1355|1373175|1373175
1373243|2010-03-06 03:49:43|duh|1355|1373175|1373175
1373247|2010-03-06 09:24:33|About Denny Hulme,. About Queen Victor. About Alice Cooper. About Weird Al Yan. About John Quincy . About Hilary Duff,. About Kamerun, nor. About For .|1355|1373175|1373175
1373249|2010-03-06 10:24:07|fine|1355|1373247|1373175
1373248|2010-03-06 10:43:50|maybe|1355|1373247|1373175
1373251|2010-03-06 20:00:31|duh|1355|1373247|1373175
1373256|2010-03-07 02:12:54|thanks|1355|1373247|1373175
1373246|2010-03-06 10:52:21|About Paul Martin. About Denny Hulme. About Keith Richa. About At Last, Ma. About For.|1355|1373175|1373175
1373255|2010-03-06 11:06:51|About Paul M. About Oscar . About Keith . About Beck, . About Patti . About At Las. About .|1355|1373246|1373175
1373252|2010-03-06 22:42:02|thx|1355|1373175|1373175
167999|2010-03-06 17:38:15|thanks|3092|167232|167232
168000|2010-03-06 22:50:48|right|2886|167232|167232
594958|2010-03-06 04:54:24|About Kevin Rudd, t. About Galileo Galil. About Nas, sometime. About Bulgaria. .|4506|594650|594650
594957|2010-03-06 06:25:52|thanks|4506|594650|594650
594956|2010-03-06 07:15:55|ok|4506|594650|594650
1089445|2010-03-06 09:43:28|good|4555|1089440|1089440
1089448|2010-03-06 09:51:19|LOL|4555|1089440|1089440
1089451|2010-03-06 16:24:28|no|4555|1089440|1089440
1089446|2010-03-07 07:58:37|About Jawaharla. About Denny Hul. About Michael J. About Thomas Je. About Ja.|4555|1089440|1089440
1089449|2010-03-07 08:56:00|About Jawaharl. About Michael . About Weird Al. About Oliver S. About Janis Jo. About C.|4555|1089446|1089440
1089450|2010-03-07 15:04:41|I see|4555|1089446|1089440
1089447|2010-03-08 02:07:00|maybe|4555|1089446|1089440
167897|2010-03-06 18:59:53|thx|3092|167222|167222
167900|2010-03-06 19:13:07|About Denny Hulme, He . About John Adams, Ride. About Mickey Rooney, f. About Coen brother.|3412|167222|167222
167892|2010-03-07 11:09:58|About Confucius, bu. About P. G. Wodehou. About John Adams, (. About R. Kelly.|4273|167222|167222
167896|2010-03-07 11:10:55|right|3412|167892|167222
167894|2010-03-07 15:15:51|thanks|3705|167892|167222
167902|2010-03-08 00:25:26|no|4511|167892|167222
167895|2010-03-08 08:15:40|About Amy Winehouse, alco. About R. Kelly, LeVert, R. About Piece of Me, comm.|94|167892|167222
167903|2010-03-08 08:30:17|About Van Morrison, I. About R. Kelly, Kelly. About Piece of Me, St. About Tangled Up i.|3705|167895|167222
167901|2010-03-08 13:08:42|ok|3092|167895|167222
167899|2010-03-08 13:20:28|maybe|3705|167895|167222
167904|2010-03-08 15:11:23|thx|3633|167895|167222
167898|2010-03-08 17:49:00|duh|4511|167895|167222
167893|2010-03-08 09:20:16|fine|2886|167892|167222
1373288|2010-03-06 20:53:20|fine|1355|1373178|1373178
1373282|2010-03-06 21:27:39|thanks|1355|1373178|1373178
1373284|2010-03-06 21:33:13|thanks|1355|1373178|1373178
1373283|2010-03-06 21:36:11|fine|1355|1373178|1373178
1373281|2010-03-06 21:41:42|fine|1355|1373178|1373178
1373277|2010-03-07 16:33:34|About Peter Gabriel, who rose to fame. About John A. Macdonald, 19 years as.|1355|1373178|1373178
1373289|2010-03-07 16:33:54|yes|1355|1373277|1373178
1373285|2010-03-07 16:55:49|good|1355|1373277|1373178
1373287|2010-03-07 17:26:47|great|1355|1373277|1373178
1373278|2010-03-08 09:01:39|About Peter Gabriel, Best B. About John A. Macdonald, No. About Walk Among Us, Mis.|1355|1373277|1373178
1373286|2010-03-08 11:16:28|thanks|1355|1373278|1373178
1373279|2010-03-08 12:14:23|roflol|1355|1373278|1373178
1373280|2010-03-08 13:24:25|great|1355|1373278|1373178
705588|2010-03-07 07:49:23|About Plato, of footnotes to Plato. I do not mean the systemati. About Thomas More, separation from the Catholic Church and ref.|459|705078|705078
705589|2010-03-07 09:06:19|good|4644|705078|705078
705591|2010-03-07 19:11:35|About Eleanor Roosevelt, the University of California, San Diego. The college was .|3412|705078|705078
705590|2010-03-08 05:49:14|LOL|3412|705078|705078
705562|2010-03-07 13:42:13|About Rembrandt, United St. About Alan Moore, The Whit. About Company rule in In.|3412|705076|705076
705567|2010-03-07 13:59:42|great|459|705562|705076
705565|2010-03-07 15:40:24|right|4644|705562|705076
705564|2010-03-08 10:05:06|thanks|3412|705562|705076
705563|2010-03-08 12:37:38|thanks|555|705562|705076
705561|2010-03-07 14:13:38|About Plato, In the word. About Hillary Rodham Cli. About Ezra Pound, epic.|3412|705076|705076
705568|2010-03-07 22:54:01|great|4644|705561|705076
705566|2010-03-08 03:41:44|cool|459|705561|705076
705560|2010-03-08 05:23:34|great|3412|705076|705076
725347|2010-03-07 13:36:20|LOL|4281|723183|723183
725360|2010-03-07 14:24:26|About Wolfgang Amadeus Mo. About Charles V, Holy Rom. About Axis of Justice.|4755|723183|723183
725350|2010-03-07 15:40:22|About Wolfgang Amade. About Donovan, title. About Rush Limbaugh,. About Christmas .|1103|723183|723183
725361|2010-03-07 15:41:23|cool|4555|725350|723183
725357|2010-03-07 16:23:08|cool|1222|725350|723183
725356|2010-03-08 01:39:13|About Laurence Olivier, so. About Rush Limbaugh, and l. About Till There Was Y.|1077|725350|723183
725351|2010-03-08 05:12:56|no way!|4281|725350|723183
725354|2010-03-08 09:30:27|About Wolfgang Amade. About Yoko Ono, pref. About Donovan, noted. About Muddy Wat.|1222|725350|723183
725355|2010-03-08 14:03:09|no way!|768|725354|723183
725352|2010-03-08 11:00:55|maybe|1103|725350|723183
725358|2010-03-07 15:46:37|I see|4755|723183|723183
725353|2010-03-07 15:56:59|duh|4555|723183|723183
725359|2010-03-07 16:04:08|maybe|4555|723183|723183
725349|2010-03-07 18:30:19|LOL|768|723183|723183
725348|2010-03-08 01:59:05|no|1077|723183|723183
725346|2010-03-08 04:10:11|ok|1050|723183|723183
571951|2010-03-08 11:37:06|About Spike Lee, 35 films since 1983. Lee's movies have examined race relations, the role of media in contemporary life, urban crime and poverty, and other political issues. L.|1160|571500|571500
571948|2010-03-08 12:24:38|thx|4273|571500|571500
571949|2010-03-08 20:21:44|yes|1564|571500|571500
571947|2010-03-09 04:41:49|duh|1160|571500|571500
571950|2010-03-09 06:59:31|thanks|4273|571500|571500
1048906|2010-03-08 19:10:41|ok|3705|1048817|1048817
1048905|2010-03-08 20:36:48|great|3705|1048817|1048817
1048903|2010-03-08 20:55:29|ok|3705|1048817|1048817
1048904|2010-03-09 01:15:51|I see|3705|1048817|1048817
1048907|2010-03-09 02:06:07|fine|3705|1048817|1048817
1048909|2010-03-09 04:03:14|yes|3705|1048817|1048817
1048908|2010-03-09 06:40:18|About Avril Lavigne, releasing albums in the U.S. , . About Omar Sharif, (April 10, 1932) is an Egyptian .|3705|1048817|1048817
1340772|2010-03-08 19:32:03|yes|143|1339420|1339420
1340774|2010-03-08 19:32:12|roflol|143|1339420|1339420
1340775|2010-03-09 01:15:59|right|143|1339420|1339420
1340773|2010-03-09 05:44:52|duh|143|1339420|1339420
725301|2010-03-09 04:34:23|good|619|723178|723178
725300|2010-03-09 06:42:07|About Wolfgang Amad. About Robert Louis . About Johnny Cash, . About Frederi.|4281|723178|723178
725303|2010-03-09 08:27:30|About Wolfgang Amade. About Johnny Cash, p. About The Only Excep. About Yuan Dynas.|619|725300|723178
725306|2010-03-09 08:35:14|right|1103|725303|723178
725311|2010-03-09 09:10:51|good|1103|725303|723178
725304|2010-03-09 09:27:13|I see|4281|725303|723178
725308|2010-03-09 12:55:22|About Leonard Cohen, Perl. About Johnny Cash, career. About Robert E. Howard.|1222|725303|723178
725302|2010-03-10 01:10:39|About Johnny Cash, The Jo. About Andrew Jackson, the. About Back in the World, . About Frederick the .|619|725300|723178
725307|2010-03-10 01:11:01|good|3055|725302|723178
725310|2010-03-10 02:45:17|no way!|2079|725302|723178
725294|2010-03-09 10:55:35|no|4755|723178|723178
725293|2010-03-09 14:26:30|About Ovid, of poems written . About Zimbabwe, recognise. About Napoleon III, interests.|1222|723178|723178
725298|2010-03-09 14:28:41|cool|3055|725293|723178
725297|2010-03-09 14:32:00|About Nelly Furtado, single. About Robert A. Heinlein, i. About Napoleon III, A Fr.|3055|725293|723178
725299|2010-03-09 14:32:15|no way!|3825|725297|723178
725305|2010-03-09 22:21:44|duh|1922|725297|723178
725309|2010-03-10 11:17:20|LOL|3825|725297|723178
725295|2010-03-09 17:43:17|I see|768|725293|723178
725296|2010-03-10 09:36:55|duh|1050|725293|723178
725292|2010-03-09 15:37:55|ok|619|723178|723178
725040|2010-03-09 23:40:40|About Joseph Haydn, Father of the Stri. About The Michael Nyman Songbook, aga.|619|723156|723156
725045|2010-03-10 09:55:44|About Joseph Haydn, contributions to these. About Nashville Skyline, number 3 in the .|4555|725040|723156
725044|2010-03-09 23:54:08|About Joseph Haydn, a court musician for t. About Ça Ira, Nadine Roda-Gil on the hist.|1922|723156|723156
725047|2010-03-10 00:17:33|I see|1922|723156|723156
725039|2010-03-10 01:06:01|thx|3825|723156|723156
725042|2010-03-10 04:01:01|great|2079|723156|723156
298816|2010-03-10 03:35:32|ok|1949|298566|298566
298814|2010-03-10 09:54:19|great|1949|298566|298566
298813|2010-03-10 13:29:39|About James Ca. About David Fo. About Hussein . About Kate Bus. About Roy Orbi. About.|1949|298566|298566
